LAT,LONG,WAYPOINT,#Howl bouts per 30 min sample,roar bouts per hour,Anth Distance (m),Raw River Distance (m)
10.43082696,-84.01572598,LOC7003,,0,787.2539933,787.2821892
10.43299796,-84.00691903,OHS000,,0,108.2414656,108.2340572
10.43292101,-84.00704501,OHS001,,0,121.3723332,121.403058
10.43295798,-84.00729404,OHS002,,0,147.7282295,147.9075905
10.43289796,-84.00721801,OHS003,,2,140.2414061,140.3103748
10.43287097,-84.00718398,OHS004,,0,136.4835462,136.5878266
10.43302302,-84.00719798,OHS005,,0,135.0980019,135.3003024
10.43318404,-84.007316,OHS006,,0,140.5592961,140.5985484
10.43322897,-84.00726504,OHS007,,0,133.7357314,133.7787986
10.43302797,-84.00736503,OHS008,,2,151.5517406,151.7550845
10.43344304,-84.00744198,OHS009,,2,142.3585785,142.3672454
10.43330097,-84.00732899,OHS010,,0,138.1697419,138.1633095
10.433292,-84.00739202,OHS011,,2,145.0663365,145.0597328
10.43369802,-84.00764197,OHS012,,2,134.0481859,134.0925622
10.43378301,-84.00785403,OHS013,,0,140.8151293,140.8956161
10.433825,-84.00765597,OHS014,,2,123.8129336,123.8576753
10.43378603,-84.00766804,OHS015,,2,128.0441239,128.0727114
10.433738,-84.007777,OHS016,,2,139.5225073,139.5101278
10.433738,-84.00771498,OHS017,,0,135.3928365,135.4297255
10.43369802,-84.00778203,OHS018,,2,143.3734158,143.4041643
10.43374403,-84.00770802,OHS019,,0,134.3989229,134.4338382
10.43374102,-84.00784104,OHS020,,2,143.5334397,143.5583497
10.433709,-84.00783601,OHS021,,2,146.0016218,145.9878397
10.43354597,-84.00770802,OHS022,,0,151.7925319,151.8446262
10.43154999,-84.00377498,OHS023,,0,4.922982479,124.7094298
10.43157999,-84.00379401,OHS024,,0,8.775135134,124.697407
10.431596,-84.00381002,OHS025,,0,11.26309161,124.1520885
10.43157698,-84.00382603,OHS026,,0,11.16764252,121.5467136
10.43156499,-84.003808,OHS027,,0,8.788526604,122.515415
10.43155996,-84.00381203,OHS028,,2,8.847957906,121.8461055
10.43156398,-84.00381597,OHS029,,0,9.453311794,121.7168311
10.43157597,-84.003807,OHS030,,0,9.454842095,123.254442
10.43159399,-84.00379501,OHS031,,0,10.07143396,125.4270269
10.431595,-84.00379996,OHS032,,0,10.48045698,125.0269947
10.43157203,-84.003793,OHS033,,0,8.045413941,124.3226402
10.43157597,-84.00378202,OHS034,,0,7.620499866,125.5739647
10.431566,-84.00380096,OHS035,,0,8.237569407,123.2283616
10.43154596,-84.00393298,OHS036,,0,13.85512476,109.7914885
10.43165602,-84.00411101,OHS037,,0,3.904620629,99.74486099
10.43172902,-84.00409701,OHS038,,0,6.417162048,104.3740153
10.43153901,-84.00366099,OHS039,,0,1.510290011,134.5123839
10.43338303,-84.00745003,OHS040,,0,147.891795,147.9199526
10.43337598,-84.00756603,OHS041,,0,156.8908149,156.9180636
10.43302696,-84.00724601,OHS042,,0,139.6634763,139.8988309
10.43308698,-84.007173,OHS043,,0,129.6361741,129.8724221
10.43314699,-84.00724199,OHS044,,0,134.1951516,134.2977227
10.43465196,-84.00843901,OHS045,,0,111.8086227,111.8668463
10.43469999,-84.00841696,OHS046,,0,106.168783,106.2434947
10.43472002,-84.00839902,OHS047,,0,103.2063091,103.2806779
10.43469102,-84.00843498,OHS048,,0,108.200884,108.2791881
10.43465196,-84.00848603,OHS049,,0,115.1280745,115.2119617
10.43466001,-84.00852802,OHS050,,0,117.5511658,117.6502745
10.43473603,-84.00856398,OHS051,,2,114.4183308,114.5426045
10.43476,-84.00855199,OHS052,,2,111.6568616,111.770758
10.43150498,-84.00462599,OHS053,,0,6.944788026,41.57576621
10.43152501,-84.00467101,OHS054,,0,11.56906695,37.58233597
10.431538,-84.00468903,OHS055,,0,13.35302455,36.13942683
10.43112,-84.00547097,OHS056,,0,8.187408013,26.83534092
10.43008399,-84.00471199,OHS057,,2,0,18.36757798
10.43004502,-84.004713,OHS058,,0,0,21.09305623
10.42999196,-84.00455399,OHS059,,0,11.08422436,11.0359119
10.434025,-84.00799301,OHS060,,2,129.9536035,130.0034857
10.43398401,-84.00810499,OHS061,,0,141.2816362,141.2831211
10.433926,-84.008007,OHS062,,4,139.3305315,139.3529407
10.43387496,-84.00794196,OHS063,,0,139.1363712,139.1626701
10.43377798,-84.00801899,OHS064,,0,152.7852039,152.8130931
10.43371696,-84.00793802,OHS065,,0,152.3144909,152.363252
10.433795,-84.00801304,OHS066,,0,150.9186992,150.952049
10.43331396,-84.00733503,OHS067,,0,138.3820622,138.3782809
10.43328697,-84.00743804,OHS068,,0,150.0519843,150.0515483
10.43318002,-84.00735397,OHS069,,0,144.6548282,144.6971857
10.43329401,-84.00734299,OHS070,,0,139.8618813,139.8568239
10.43326702,-84.00733201,OHS071,,0,139.5319753,139.5823124
10.43319401,-84.00731399,OHS072,,0,140.009235,140.052126
10.43330097,-84.00728096,OHS073,,0,133.1199755,133.13722
10.43325,-84.00723,OHS074,,0,129.3830643,129.4205403
10.43327004,-84.00725297,OHS075,,0,131.1422723,131.1766617
10.43318597,-84.00726001,OHS076,,0,134.6669448,134.7054721
10.43316099,-84.00731902,OHS077,,0,141.6755377,141.718241
10.43321497,-84.00729001,OHS078,,0,136.8070842,136.8529735
10.43323701,-84.00727903,OHS079,,0,134.9426047,134.9790157
10.43302797,-84.00713403,OHS080,,0,128.5844915,128.7522643
10.43302202,-84.00692498,OHS081,,0,109.0548788,109.0526197
10.43305898,-84.00691803,OHS082,,0,106.2372097,106.2793546
10.433076,-84.00690403,OHS083,,0,103.9503769,104.0065648
10.433091,-84.00691903,OHS084,,0,104.5333233,104.6275904
10.43307197,-84.00690503,OHS085,,2,104.2742078,104.3248593
10.43301003,-84.006928,OHS086,,0,109.3333861,109.3566256
10.43298396,-84.00689799,OHS087,,0,105.8134381,105.7764348
10.43299603,-84.006885,OHS088,,0,104.5071851,104.5034403
10.43297701,-84.00681099,OHS089,,0,96.2474111,96.21261191
10.43296603,-84.00678903,OHS090,,2,93.74523288,93.69817942
10.43302001,-84.00690302,OHS091,,0,106.6987625,106.726153
10.43304599,-84.00690998,OHS092,,0,106.2454908,106.2596963
10.43876898,-84.013414,OHS093,,0,118.9208575,118.8691658
10.43876404,-84.01343898,OHS094,,0,118.9372717,118.9123621
10.42649,-84.00157004,OHS095,,2,89.60776037,89.82849463
10.42649897,-84.001549,OHS096,,2,87.81897706,88.06942686
10.42648003,-84.00154598,OHS097,,0,89.65430453,89.91760445
10.42646703,-84.001506,OHS098,,2,89.55475982,89.74783915
10.42666501,-84.00147004,OHS099,,0,67.55370528,67.81874523
10.42666803,-84.00147297,OHS100,,2,67.35462313,67.61868664
10.43405701,-84.00813902,OHS1001,,0,137.3702864,137.4461939
10.43421501,-84.008108,OHS1002,,0,121.9466563,122.0071656
10.43397202,-84.00804397,OHS1003,,2,138.0296467,138.0869993
10.43417,-84.00827598,OHS1004,,0,138.4738266,138.5339134
10.43386498,-84.00808898,OHS1005,,2,150.2589969,150.3290183
10.43387203,-84.00806098,OHS1006,,0,147.7001652,147.7415947
10.43393497,-84.00809996,OHS1007,,0,145.0776347,145.1340446
10.43438902,-84.00816098,OHS1008,,0,112.8614939,112.8669638
10.43428098,-84.00824103,OHS1009,,0,127.3549205,127.3760949
10.43641501,-84.00940896,OHS101,,0,135.9114207,135.9368212
10.43438902,-84.00794104,OHS1010,,0,95.37750345,95.4401065
10.43401502,-84.008136,OHS1011,,2,140.7934615,140.8123115
10.43604696,-84.01257799,OHS1012,,0,310.1965439,310.1581882
10.43108798,-84.00430899,OHS1013,,0,0,47.71431424
10.43105302,-84.00402904,OHS1014,,0,0,71.17159536
10.43068397,-84.00387104,OHS1015,,2,0,59.59454985
10.43067902,-84.00389903,OHS1016,,0,0,57.00017049
10.43067098,-84.00388604,OHS1017,,0,0,57.41213577
10.430675,-84.003923,OHS1018,,2,0,54.79486912
10.43069202,-84.00389903,OHS1019,,0,0,57.99516383
10.42725099,-84.00202903,OHS102,,2,60.7545772,60.76064817
10.43075304,-84.00383298,OHS1020,,0,0,67.89571832
10.43075304,-84.00383298,OHS1021,,0,0,67.89571832
10.43075304,-84.00383298,OHS1022,,0,0,67.89571832
10.43075304,-84.00383298,OHS1023,,0,0,67.89571832
10.43075304,-84.00383298,OHS1024,,0,0,67.89571832
10.43075304,-84.00383298,OHS1025,,4,0,67.89571832
10.43075304,-84.00383298,OHS1026,,0,0,67.89571832
10.43075304,-84.00383298,OHS1027,,2,0,67.89571832
10.42941302,-84.00589401,OHS1028,,2,106.160939,166.1158096
10.42947999,-84.00598403,OHS1029,,0,98.24971267,170.0217222
10.42734001,-84.00212098,OHS103,,2,66.87151717,66.935897
10.42951302,-84.00611303,OHS1030,,0,91.4882151,180.0756402
10.42949097,-84.00614102,OHS1031,,0,93.47538337,183.958001
10.429467,-84.00615301,OHS1032,,0,95.96157282,186.4463209
10.42944303,-84.00612401,OHS1033,,0,98.97860015,185.1360363
10.42944001,-84.00612996,OHS1034,,0,99.22471453,185.8659585
10.42947496,-84.00609903,OHS1035,,0,95.8946681,180.9394737
10.42949902,-84.00608101,OHS1036,,0,93.62881836,177.8613992
10.42949801,-84.00605704,OHS1037,,0,94.27725401,175.6835274
10.42948997,-84.00603198,OHS1038,,0,95.77908834,173.8364129
10.42948997,-84.00603198,OHS1039,,0,95.77908834,173.8364129
10.42734797,-84.00210799,OHS104,,2,65.25936763,65.31186524
10.42948997,-84.00603198,OHS1040,,0,95.77908834,173.8364129
10.42948997,-84.00603198,OHS1041,,0,95.77908834,173.8364129
10.429639,-84.00614798,OHS1042,,2,77.12637229,176.288196
10.42947999,-84.00599199,OHS1043,,0,97.99916973,170.7544218
10.429481,-84.00600901,OHS1044,,4,97.3804849,172.2599896
10.42947697,-84.00598898,OHS1045,,0,98.41338361,170.6581164
10.42946197,-84.00601102,OHS1046,,0,99.35584622,173.5888832
10.42947102,-84.00598898,OHS1047,,0,99.04521702,171.0159632
10.429682,-84.00600599,OHS1048,,0,76.2695454,160.4329866
10.429682,-84.00600599,OHS1049,,0,76.2695454,160.4329866
10.42722702,-84.00217404,OHS105,,2,76.55399292,76.55991716
10.429682,-84.00600599,OHS1050,,0,76.2695454,160.4329866
10.429682,-84.00600599,OHS1051,,0,76.2695454,160.4329866
10.429682,-84.00600599,OHS1052,,0,76.2695454,160.4329866
10.43591,-84.01975902,OHS1053,,2,103.2590747,103.2532454
10.43587798,-84.01977997,OHS1054,,0,106.4892398,106.48851
10.43156901,-84.02783297,OHS1055,,2,70.77038316,70.74465499
10.43495798,-84.00867102,OHS1056,,0,108.8285753,108.846591
10.43512504,-84.00878401,OHS1057,,0,109.2072686,109.2228441
10.43516502,-84.00881502,OHS1058,,0,109.8419395,109.8584655
10.43845802,-84.015053,OHS1059,,2,125.7700056,125.7620024
10.42730698,-84.00243002,OHS106,,4,85.2019953,85.24355023
10.43847604,-84.01506498,OHS1060,,0,123.7232375,123.7116992
10.43850303,-84.01508602,OHS1061,,2,120.6442574,120.6559884
10.43852096,-84.01510203,OHS1062,,0,118.591163,118.6278433
10.43851702,-84.01510497,OHS1063,,0,119.0163832,119.0559411
10.43850001,-84.01509499,OHS1064,,0,120.9383477,120.9659992
10.43849498,-84.01507798,OHS1065,,0,121.5700788,121.5686793
10.43845902,-84.015125,OHS1066,,0,125.3882697,125.4220566
10.43845902,-84.015125,OHS1067,,0,125.3882697,125.4220566
10.43845902,-84.015125,OHS1068,,0,125.3882697,125.4220566
10.43845902,-84.015125,OHS1069,,0,125.3882697,125.4220566
10.42727396,-84.00240596,OHS107,,0,89.54242899,89.60699091
10.43754498,-84.01595003,OHS1070,,0,223.5381986,223.5680822
10.43757498,-84.01594902,OHS1071,,0,220.2230702,220.2552953
10.43571596,-84.00926697,OHS1072,,2,140.349341,140.3669128
10.435723,-84.00926596,OHS1073,,0,140.0740437,140.1079813
10.43573096,-84.00926102,OHS1074,,0,139.3504101,139.3949497
10.43569501,-84.00925901,OHS1075,,0,139.9568347,139.9612301
10.43566198,-84.00922699,OHS1076,,0,137.2699784,137.2872075
10.43566098,-84.00922799,OHS1077,,0,137.3999974,137.4183479
10.436428,-84.00948901,OHS1078,,2,143.8458167,143.8861514
10.43643898,-84.00948004,OHS1079,,0,142.5508202,142.5885585
10.42728402,-84.002124,OHS108,,0,69.17261989,69.20413279
10.43645097,-84.00946403,OHS1080,,0,140.4850909,140.5248649
10.43647704,-84.00948297,OHS1081,,2,141.661147,141.6642059
10.43647704,-84.00948297,OHS1082,,0,141.661147,141.6642059
10.43647704,-84.00948297,OHS1083,,4,141.661147,141.6642059
10.43841602,-84.01503799,OHS1084,,0,130.481921,130.4927232
10.43841301,-84.01497597,OHS1085,,2,131.058099,131.0843733
10.43843002,-84.01502098,OHS1086,,2,129.0089547,129.0352886
10.43843002,-84.01502098,OHS1087,,0,129.0089547,129.0352886
10.43846598,-84.01504202,OHS1088,,0,124.9377915,124.9456295
10.42921001,-84.02558402,OHS1089,,2,303.6580754,303.6545336
10.42726901,-84.00214403,OHS109,,2,71.81750886,71.83375875
10.43840798,-84.01494898,OHS1090,,2,131.657015,131.6688907
10.43453503,-84.00848603,OHS1091,,2,125.0794774,125.107494
10.43450997,-84.00847798,OHS1092,,0,126.68442,126.7278947
10.435809,-84.02054398,OHS1093,,0,122.4886157,122.4693275
10.435838,-84.02055698,OHS1094,,0,119.5716212,119.627849
10.43584596,-84.02055698,OHS1095,,0,118.7045794,118.7662097
10.43585099,-84.02056804,OHS1096,,0,118.384722,118.4549519
10.43585904,-84.02056896,OHS1097,,0,117.5303805,117.5966785
10.43586398,-84.02056402,OHS1098,,0,116.8885297,116.9609222
10.43585996,-84.02055999,OHS1099,,0,117.2425658,117.3201778
10.427253,-84.00212701,OHS110,,0,70.71178015,70.71909491
10.43586298,-84.02055404,OHS1100,,0,116.7937624,116.8570853
10.43585703,-84.02059302,OHS1101,,0,118.2878254,118.3022089
10.43585703,-84.02059302,OHS1102,,0,118.2878254,118.3022089
10.43842197,-84.01510304,OHS1103,,0,129.5412225,129.5813277
10.43827898,-84.01504001,OHS1104,,0,145.6330423,145.6300001
10.43849599,-84.01489802,OHS1105,,0,122.1323648,122.1734378
10.43834603,-84.01495099,OHS1106,,0,138.5074565,138.521084
10.43844896,-84.01488704,OHS1107,,0,127.3828259,127.4236963
10.43845098,-84.01499701,OHS1108,,2,126.7972832,126.7920978
10.43847,-84.01491797,OHS1109,,0,124.9182652,124.9234582
10.42723699,-84.00216197,OHS111,,0,74.92322561,74.9300701
10.43827697,-84.014751,OHS1110,,0,146.8881676,146.9498103
10.43830597,-84.01502601,OHS1111,,0,142.7095777,142.732963
10.43833103,-84.01500899,OHS1112,,0,140.012629,140.0236458
10.43831997,-84.01499801,OHS1113,,0,141.2852332,141.2832425
10.43825199,-84.01481101,OHS1114,,0,149.4714589,149.5537378
10.438282,-84.01483901,OHS1115,,0,146.0662106,146.0843917
10.43830496,-84.01484999,OHS1116,,0,143.476822,143.4875556
10.43830999,-84.01484404,OHS1117,,2,142.9468984,142.961305
10.438311,-84.01484496,OHS1118,,0,142.8315412,142.8452306
10.43844201,-84.01487304,OHS1119,,0,128.2145548,128.2330612
10.42727999,-84.00220304,OHS112,,2,77.46143382,77.55297524
10.43166096,-84.00403096,OHS1120,,0,12.67841192,107.4689971
10.431681,-84.004038,OHS1121,,0,12.18424156,107.9930609
10.43169298,-84.00404597,OHS1122,,0,11.48057557,107.9583173
10.43169298,-84.00406198,OHS1123,,0,9.739295346,106.4716748
10.43169198,-84.00405996,OHS1124,,0,9.944460234,106.599364
10.43170203,-84.00405603,OHS1125,,0,10.50937724,107.5521249
10.43170597,-84.00404898,OHS1126,,0,11.32864719,108.4380695
10.43169701,-84.00405401,OHS1127,,0,10.65994239,107.4476682
10.43166499,-84.00404697,OHS1128,,0,10.99161912,106.2188786
10.43167303,-84.00403499,OHS1129,,0,12.40433047,107.8049178
10.427108,-84.00157004,OHS113,,0,28.73248929,28.72636341
10.43167496,-84.00404002,OHS1130,,0,11.88353033,107.4513561
10.43167303,-84.00404404,OHS1131,,0,11.4197545,106.9643327
10.43167496,-84.00403901,OHS1132,,0,11.99289977,107.5447118
10.43167597,-84.00404102,OHS1133,,0,11.78774807,107.4170734
10.43167999,-84.00404496,OHS1134,,0,11.413851,107.2878372
10.43168301,-84.00405401,OHS1135,,0,10.47006295,106.6245905
10.431696,-84.00406499,OHS1136,,0,9.451961757,106.3651065
10.43091699,-84.00560802,OHS1137,,0,11.23000676,48.35073492
10.43094699,-84.00564901,OHS1138,,0,7.852014429,51.48370307
10.43110097,-84.00552001,OHS1139,,0,3.448223146,32.60282145
10.42710397,-84.00154699,OHS114,,2,27.42276283,27.42927349
10.43115998,-84.00550702,OHS1140,,2,3.318599259,29.1640136
10.43115604,-84.005519,OHS1141,,0,2.141948961,30.54774112
10.43116802,-84.00552998,OHS1142,,0,0.663778701,31.23089734
10.43115696,-84.00552596,OHS1143,,0,1.376579738,31.23065156
10.43114397,-84.00553602,OHS1144,,0,0.637832189,32.75469282
10.43114397,-84.00552504,OHS1145,,0,1.808397442,31.61842275
10.43114698,-84.00552303,OHS1146,,0,1.94539895,31.3018037
10.43115302,-84.00551297,OHS1147,,0,2.862823855,30.0383386
10.43755202,-84.01355498,OHS1148,,2,243.2921444,243.4665036
10.43545503,-84.02096199,OHS1149,,2,169.7963993,169.8125229
10.42715896,-84.00145696,OHS115,,0,16.51650735,16.52699497
10.43548202,-84.02094497,OHS1150,,0,166.5184737,166.5382123
10.435781,-84.02059201,OHS1151,,0,126.4989989,126.54915
10.43582702,-84.02060601,OHS1152,,0,121.8349925,121.8400101
10.43585996,-84.02052303,OHS1153,,0,116.4934263,116.4838079
10.43584303,-84.02051196,OHS1154,,0,118.0740251,118.0982206
10.43584596,-84.02049202,OHS1155,,0,117.3295182,117.3866817
10.43584798,-84.02047902,OHS1156,,0,116.8537392,116.9125502
10.43585502,-84.02047299,OHS1157,,0,115.9717488,116.0270546
10.42809597,-84.026688,OHS1158,,0,416.52736,416.5338947
10.42809698,-84.02672497,OHS1159,,2,416.3370907,416.3435873
10.42716399,-84.00150499,OHS116,,0,19.38790593,19.3911128
10.43326199,-84.00451502,OHS1160,,2,112.0426892,112.0309587
10.43328504,-84.00453002,OHS1161,,0,110.8212347,110.7978972
10.43329703,-84.00453798,OHS1162,,2,110.0717155,110.0531353
10.43327398,-84.00446196,OHS1163,,2,117.9945669,117.986127
10.43326098,-84.00447797,OHS1164,,0,115.9078639,115.9075932
10.43327398,-84.00449197,OHS1165,,0,114.8443368,114.8274197
10.43212197,-84.00469297,OHS1166,,0,45.47686294,60.14446098
10.43156298,-84.00391898,OHS1167,,4,15.5369118,112.0918518
10.431552,-84.00391898,OHS1168,,0,14.33031146,111.4461717
10.43154898,-84.00391697,OHS1169,,0,13.97183761,111.4554868
10.42708696,-84.00150298,OHS117,,0,25.94876602,25.95922331
10.43153699,-84.00391303,OHS1170,,4,12.60188838,111.116608
10.43153599,-84.00391303,OHS1171,,0,12.49132931,111.0573948
10.431538,-84.003894,OHS1172,,0,12.45702053,112.9426033
10.431538,-84.00387699,OHS1173,,0,12.22868765,114.5226023
10.43154596,-84.00387598,OHS1174,,2,13.09014313,115.0842244
10.43155502,-84.00386802,OHS1175,,0,13.68011646,116.3559529
10.43155803,-84.00386701,OHS1176,,0,13.77109211,116.6267245
10.43154697,-84.00392996,OHS1177,,0,13.92504937,110.1308489
10.43145603,-84.00364799,OHS1178,,2,0,130.6649861
10.43146499,-84.00365403,OHS1179,,0,0,130.6541507
10.42653199,-84.00142998,OHS118,,0,80.29560536,80.38243971
10.43149701,-84.003592,OHS1180,,0,0,138.2839733
10.43152803,-84.00357801,OHS1181,,0,0,141.4409667
10.431869,-84.00321096,OHS1182,,2,0,174.345356
10.43186196,-84.00321499,OHS1183,,0,0,174.0662688
10.43115101,-84.00555999,OHS1184,,0,0,34.96298343
10.43112603,-84.005562,OHS1185,,0,0,36.08700892
10.43112301,-84.00555798,OHS1186,,0,0,35.77256957
10.43085404,-84.00589099,OHS1187,,0,1.624721847,79.91156301
10.43084197,-84.00593399,OHS1188,,0,0.473148208,84.80181262
10.43083602,-84.00591304,OHS1189,,0,2.175422025,82.84758076
10.42647198,-84.00133803,OHS119,,0,84.40615274,84.42362589
10.42589497,-84.00128698,OHS120,,0,87.43727059,87.44488277
10.433408,-84.004622,OHS1201,0,0,101.959,101.974
10.433411,-84.004593,OHS1202,0,0,105.154,105.168
10.433324,-84.004607,OHS1203,0,0,102.808,102.791
10.433315,-84.004619,OHS1204,0,0,101.408,101.391
10.433305,-84.004639,OHS1205,0,0,99.126,99.109
10.433899,-84.007982,OHS1206,0,0,139.869,139.866
10.43187,-84.004631,OHS1207,1,2,16.773,55.118
10.432235,-84.00477,OHS1208,0,0,55.448,55.453
10.432223,-84.00473,OHS1209,0,0,57.333,59.311
10.42605598,-84.00126896,OHS121,,0,96.50429252,96.51119155
10.432212,-84.004727,OHS1210,0,0,56.071,59.305
10.43389,-84.007997,OHS1211,1,2,141.694,141.681
10.433922,-84.007935,OHS1212,0,0,134.609,134.647
10.433909,-84.007924,OHS1213,0,0,134.967,135.012
10.435561,-84.020501,OHS1214,0,0,148.48,148.545
10.435674,-84.020441,OHS1215,0,0,134.888,134.992
10.433743,-84.022527,OHS1216,0,0,202.659,202.651
10.433841,-84.022494,OHS1217,0,0,211.54,211.545
10.433879,-84.022496,OHS1218,0,0,213.586,213.594
10.433894,-84.022486,OHS1219,0,0,215.401,215.406
10.42597904,-84.00139603,OHS122,,0,102.5433934,102.5509367
10.433879,-84.022515,OHS1220,0,0,211.828,211.832
10.430123,-84.003426,OHS1221,0,0,5.186,63.945
10.43016,-84.003486,OHS1222,0,0,12.68,59.321
10.430184,-84.003501,OHS1223,0,0,15.74,58.914
10.430208,-84.003537,OHS1224,0,0,16.593,56.665
10.430233,-84.003545,OHS1225,0,0,15.192,57.336
10.43024,-84.003569,OHS1226,1,2,16.443,55.489
10.430222,-84.003625,OHS1227,0,0,22.117,49.227
10.430212,-84.003662,OHS1228,0,0,25.714,45.237
10.430207,-84.003658,OHS1229,0,0,25.813,45.291
10.42592699,-84.00132797,OHS123,,0,93.13917164,93.14675307
10.430211,-84.00368,OHS1230,0,0,27.153,43.552
10.430244,-84.003677,OHS1231,0,0,24.279,45.906
10.43024,-84.003664,OHS1232,1,2,23.618,46.823
10.432151,-84.006073,OHS1233,0,0,41.294,45.066
10.432163,-84.006088,OHS1234,0,0,42.747,46.184
10.437176,-84.010481,OHS1235,1,2,115.295,115.348
10.437176,-84.010481,OHS1236,0,0,115.295,115.348
10.437138,-84.010653,OHS1237,1,2,125.376,125.377
10.437134,-84.010646,OHS1238,0,0,125.559,125.555
10.437132,-84.010627,OHS1239,0,0,125.124,125.11
10.42613796,-84.00134699,OHS124,,0,108.8817303,108.8887928
10.437138,-84.010624,OHS1240,0,0,124.39,124.376
10.437125,-84.010631,OHS1241,0,0,125.997,125.983
10.437117,-84.010644,OHS1242,0,0,127.281,127.273
10.437115,-84.01065,OHS1243,0,0,127.695,127.69
10.437343,-84.01151,OHS1244,0,0,131.627,131.637
10.437343,-84.01151,OHS1245,0,0,131.627,131.637
10.437361,-84.011473,OHS1246,1,2,128.475,128.475
10.437378,-84.0115,OHS1247,1,2,127.603,127.614
10.437373,-84.011511,OHS1248,0,0,128.504,128.514
10.438583,-84.013507,OHS1249,1,2,137.038,137.09
10.42606504,-84.00120702,OHS125,,0,91.88668939,91.89360136
10.438432,-84.013638,OHS1250,1,2,147.976,148.008
10.438491,-84.014106,OHS1251,0,0,129.657,129.717
10.438349,-84.014256,OHS1252,1,2,143.145,143.235
10.438298,-84.014302,OHS1253,0,0,148.154,148.199
10.438448,-84.014144,OHS1254,0,0,133.893,133.913
10.43845,-84.014147,OHS1255,0,0,133.627,133.651
10.438459,-84.014141,OHS1256,0,0,132.734,132.747
10.438479,-84.01401,OHS1257,0,0,132.429,132.443
10.438633,-84.01403,OHS1258,0,0,115.241,115.262
10.438651,-84.01403,OHS1259,0,0,113.269,113.295
10.42612103,-84.00123501,OHS126,,0,98.24049468,98.24717375
10.43861,-84.01401,OHS1260,0,0,118.074,118.128
10.438485,-84.01415,OHS1261,0,0,129.744,129.766
10.431834,-84.005819,OHS1262,0,0,5.224,32.113
10.431824,-84.00581,OHS1263,0,0,4.042,31.67
10.431842,-84.005861,OHS1264,0,0,6.473,35.944
10.43272,-84.006691,OHS1265,1,2,84.165,84.6
10.432792,-84.006679,OHS1266,0,0,81.628,81.915
10.43275,-84.006656,OHS1267,0,0,79.78,80.166
10.432763,-84.006651,OHS1268,0,0,79.007,79.366
10.432749,-84.006652,OHS1269,0,0,79.367,79.757
10.42607602,-84.00129402,OHS127,,0,100.0345049,100.0414058
10.432745,-84.00665,OHS1270,0,0,79.229,79.629
10.432728,-84.006612,OHS1271,0,0,75.511,75.963
10.432714,-84.006699,OHS1272,0,0,85.159,85.602
10.432728,-84.006672,OHS1273,0,0,81.949,82.376
10.431247,-84.004631,OHS1274,1,2,7.518,27.409
10.43121,-84.004628,OHS1275,0,0,7.317,25.541
10.431223,-84.004653,OHS1276,1,2,10.01,23.955
10.431073,-84.004231,OHS1277,1,2,0,53.981
10.431052,-84.004234,OHS1278,1,2,0,52.428
10.431067,-84.004198,OHS1279,1,2,0,56.632
10.42616302,-84.00133702,OHS128,,0,109.7769519,109.7839176
10.431072,-84.004193,OHS1280,0,0,0,57.395
10.431071,-84.004204,OHS1281,0,0,0,56.331
10.431067,-84.00422,OHS1282,0,0,0,54.626
10.431066,-84.004223,OHS1283,0,0,0,54.291
10.435743,-84.020503,OHS1284,0,0,128.757,128.817
10.43578,-84.02058,OHS1285,0,0,126.35,126.422
10.435786,-84.020592,OHS1286,0,0,125.957,126.005
10.435776,-84.020558,OHS1287,0,0,126.348,126.361
10.435782,-84.020538,OHS1288,0,0,125.277,125.269
10.435802,-84.020552,OHS1289,0,0,123.4,123.408
10.42623603,-84.00115899,OHS129,,2,93.08323046,93.09386351
10.438287,-84.013387,OHS1290,0,0,171.809,171.834
10.438287,-84.013381,OHS1291,0,0,171.953,171.976
10.438276,-84.013373,OHS1292,0,0,173.336,173.356
10.43828,-84.013327,OHS1293,0,0,173.882,173.832
10.438303,-84.013326,OHS1294,0,0,171.403,171.352
10.433725,-84.007744,OHS1295,0,0,138.468,138.522
10.432104,-84.004727,OHS1296,0,0,44.67,56.005
10.432133,-84.00475,OHS1297,1,2,48.56,54.478
10.432141,-84.004743,OHS1298,1,2,49.119,55.457
10.432148,-84.004745,OHS1299,0,0,49.922,55.457
10.42971603,-84.00813198,OHS130,,2,109.8810784,354.8773725
10.432162,-84.00474,OHS1300,0,0,51.202,56.409
10.43217,-84.00474,OHS1301,1,2,52.041,56.659
10.432175,-84.004737,OHS1302,0,0,52.465,57.13
10.432131,-84.004732,OHS1303,0,0,47.671,56.316
10.438165,-84.015795,OHS1304,0,0,155.513,155.524
10.438313,-84.015856,OHS1305,0,0,138.87,138.875
10.438375,-84.015762,OHS1306,0,0,132.354,132.39
10.438375,-84.015763,OHS1307,0,0,132.353,132.387
10.438365,-84.015856,OHS1308,0,0,133.118,133.12
10.438345,-84.015841,OHS1309,0,0,135.397,135.379
10.43410898,-84.00816299,OHS131,,0,134.6849599,134.7643341
10.438368,-84.015887,OHS1310,0,0,132.649,132.703
10.438364,-84.015857,OHS1311,0,0,133.224,133.228
10.433705,-84.004684,OHS1312,0,0,98.167,98.155
10.433708,-84.00473,OHS1313,0,0,93.176,93.167
10.43369,-84.004756,OHS1314,1,2,90.159,90.144
10.43369,-84.004728,OHS1315,0,0,93.215,93.199
10.433703,-84.004762,OHS1316,0,0,89.634,89.624
10.433696,-84.004765,OHS1317,0,0,89.237,89.224
10.433687,-84.004749,OHS1318,0,0,90.893,90.877
10.433697,-84.004746,OHS1319,0,0,91.32,91.307
10.43392701,-84.00809401,OHS132,,2,145.3487246,145.4163777
10.433692,-84.004767,OHS1320,0,0,88.978,88.964
10.433662,-84.004735,OHS1321,0,0,92.172,92.154
10.433653,-84.004725,OHS1322,0,0,93.173,93.156
10.433505,-84.004594,OHS1323,1,2,105.983,105.967
10.433515,-84.004622,OHS1324,0,0,103.026,102.992
10.433516,-84.004631,OHS1325,0,0,102.054,102.017
10.433504,-84.00465,OHS1326,1,2,99.861,99.839
10.435784,-84.020579,OHS1327,0,0,125.894,125.967
10.435789,-84.020636,OHS1328,1,2,126.563,126.642
10.435788,-84.020655,OHS1329,0,0,127.064,127.147
10.43396498,-84.00812804,OHS133,,2,144.5243522,144.5226955
10.435738,-84.020643,OHS1330,0,0,132.255,132.322
10.435784,-84.020653,OHS1331,0,0,127.456,127.543
10.435791,-84.020646,OHS1332,0,0,126.548,126.644
10.4358,-84.020653,OHS1333,0,0,125.719,125.801
10.431101,-84.005277,OHS1334,0,0,7.404,7.399
10.431116,-84.005279,OHS1335,0,0,7.09,7.089
10.431122,-84.005229,OHS1336,0,0,1.679,1.676
10.431122,-84.005244,OHS1337,1,2,3.24,3.237
10.431115,-84.00526,OHS1338,0,0,5.148,5.145
10.431102,-84.005267,OHS1339,0,0,6.329,6.324
10.43383699,-84.00834002,OHS134,,0,170.1766244,170.2680995
10.431097,-84.005274,OHS1340,0,0,7.232,7.225
10.431367,-84.005439,OHS1341,0,0,6.219,14.731
10.431407,-84.005418,OHS1342,0,0,9.171,11.147
10.43132,-84.005409,OHS1343,0,0,9.53,13.302
10.434688,-84.005472,OHS1344,0,0,21.648,71.917
10.434854,-84.005988,OHS1345,0,0,17.392,47.157
10.434868,-84.006001,OHS1346,0,0,19.338,47.326
10.434883,-84.005995,OHS1347,0,0,20.66,48.966
10.434899,-84.005994,OHS1348,0,0,22.258,50.282
10.434887,-84.006009,OHS1349,0,0,21.615,48.177
10.434213,-84.008179,OHS135,,0,127.5441696,127.5737492
10.434852,-84.005942,OHS1350,0,0,15.35,50.343
10.434864,-84.005948,OHS1351,0,0,16.824,50.885
10.434873,-84.006046,OHS1352,0,0,21.676,44.193
10.434877,-84.006063,OHS1353,0,0,22.735,43.169
10.434823,-84.006092,OHS1354,0,0,18.313,36.719
10.434826,-84.006062,OHS1355,0,0,17.397,39.303
10.434774,-84.005776,OHS1356,0,0,0.723,56.328
10.434775,-84.005763,OHS1357,1,2,0.272,57.389
10.435638,-84.02095,OHS1358,0,0,149.67,149.673
10.435647,-84.020955,OHS1359,0,0,148.807,148.807
10.43406196,-84.00814002,OHS136,,0,137.0158794,137.0984184
10.435666,-84.020911,OHS1360,0,0,145.812,145.832
10.435661,-84.020935,OHS1361,0,0,146.847,146.857
10.435661,-84.02094,OHS1362,0,0,146.955,146.962
10.435656,-84.020937,OHS1363,0,0,147.433,147.442
10.438318,-84.01568,OHS1364,0,0,138.973,138.975
10.43837,-84.015361,OHS1365,0,0,134.387,134.412
10.438378,-84.015371,OHS1366,0,0,133.457,133.486
10.438386,-84.01538,OHS1367,0,0,132.532,132.572
10.438371,-84.015374,OHS1368,0,0,134.218,134.25
10.438363,-84.015372,OHS1369,0,0,135.112,135.143
10.43406598,-84.00810599,OHS137,,0,134.3334832,134.3629038
10.438364,-84.015378,OHS1370,0,0,134.975,135.012
10.438374,-84.015392,OHS1371,0,0,133.806,133.867
10.438486,-84.015273,OHS1372,1,2,121.839,121.915
10.438528,-84.015293,OHS1373,0,0,117.158,117.213
10.438506,-84.015327,OHS1374,0,0,119.493,119.557
10.434284,-84.00816198,OHS138,,0,120.7227972,120.789252
10.43428601,-84.00815897,OHS139,,0,120.3296337,120.3955083
10.43429498,-84.00814304,OHS140,,0,118.3819196,118.4424172
10.43431803,-84.00815603,OHS141,,0,117.6759753,117.7402253
10.43426304,-84.00815997,OHS142,,0,122.1754941,122.2174801
10.43429598,-84.00813902,OHS143,,0,117.9868983,118.0442267
10.43426204,-84.00812804,OHS144,,0,119.7556027,119.785492
10.434025,-84.00807599,OHS145,,0,135.767169,135.7656458
10.43397998,-84.00811002,OHS146,,2,141.9784637,141.979007
10.43399801,-84.00813097,OHS147,,0,141.8950543,141.9361649
10.43394797,-84.00803701,OHS148,,0,139.5695372,139.633142
10.43392802,-84.00805998,OHS149,,0,142.8839289,142.9438828
10.431422,-84.00660303,OHS150,,0,0,129.1403153
10.43160799,-84.00643799,OHS151,,0,2.008979798,104.2375953
10.43160003,-84.00642701,OHS152,,0,0.601715746,103.5035624
10.43180597,-84.00606399,OHS153,,0,3.21946802,57.86084255
10.43129199,-84.00541197,OHS154,,0,9.308961835,14.6243843
10.43125503,-84.00470302,OHS155,,0,15.38062104,21.1925767
10.43120801,-84.00456397,OHS156,,0,0.571903844,31.34229886
10.43123298,-84.00455902,OHS157,,0,0,33.30827395
10.43121899,-84.00457101,OHS158,,0,1.042229267,31.36109202
10.43124899,-84.00454704,OHS159,,0,0,35.36569496
10.43122804,-84.00452399,OHS160,,0,0,36.22375494
10.43127003,-84.00451401,OHS161,,2,0,39.66825239
10.43130297,-84.00463698,OHS162,,2,7.982088786,30.14501082
10.43131596,-84.00470001,OHS163,,0,14.87252453,25.04142876
10.43126299,-84.00456397,OHS164,,0,0.121178252,34.5834591
10.43121203,-84.00455098,OHS165,,0,0,32.77801689
10.43118697,-84.00455601,OHS166,,0,1.165979123,30.82825225
10.43126299,-84.00459398,OHS167,,0,3.408170121,31.78698001
10.43273401,-84.00493696,OHS168,,0,51.86974538,51.8778244
10.43256504,-84.004814,OHS169,,2,60.37822096,60.3487449
10.43276402,-84.00490704,OHS170,,0,55.86395028,55.84790757
10.43274499,-84.004886,OHS171,,0,57.58238058,57.59122988
10.43278397,-84.00495498,OHS172,,2,51.28041132,51.26619072
10.43268599,-84.00489497,OHS173,,0,55.0583083,55.02527467
10.43271197,-84.00486697,OHS174,,0,58.73066058,58.71839538
10.43285103,-84.00479103,OHS175,,0,70.52050848,70.49545027
10.43263704,-84.00465902,OHS176,,0,78.79991732,78.77994509
10.43277198,-84.00477896,OHS177,,0,69.687498,69.69615741
10.43251399,-84.00473999,OHS178,,0,66.88891481,66.85750313
10.43268297,-84.00492397,OHS179,,0,51.89521305,51.86778383
10.43263502,-84.00497996,OHS180,,0,44.58378712,44.57425122
10.43263704,-84.00499304,OHS181,,0,43.25273417,43.24645225
10.43263402,-84.00488097,OHS182,,0,55.10349457,55.05062503
10.43256696,-84.00486496,OHS183,,0,55.0162896,54.98933122
10.43253796,-84.00483303,OHS184,,0,57.63995725,57.60212895
10.43253704,-84.00491199,OHS185,,0,49.20765872,49.17985991
10.432659,-84.00488399,OHS186,,0,55.43130112,55.42117501
10.43266,-84.00486404,OHS187,,0,57.57979188,57.56550032
10.43264399,-84.00485801,OHS188,,0,57.80872048,57.76360134
10.43262304,-84.004843,OHS189,,0,58.8408846,58.78736127
10.43259697,-84.00483504,OHS190,,0,59.0106309,58.98593504
10.43259496,-84.00484501,OHS191,,0,57.89597728,57.87072266
10.43234803,-84.00492003,OHS192,,0,43.12298041,43.08267699
10.43213697,-84.00468701,OHS193,,0,46.93455485,61.23781027
10.432171,-84.00465701,OHS194,,2,50.01914531,65.4293417
10.43220797,-84.00472297,OHS195,,0,55.52326361,59.61159898
10.43234501,-84.00479103,OHS196,,0,56.58937134,56.5887881
10.43232003,-84.00483102,OHS197,,0,51.62522623,51.60584411
10.43223202,-84.00474301,OHS198,,0,58.20873917,58.20961086
10.43188401,-84.00402904,OHS199,,0,18.36300484,116.7733997
10.43177898,-84.004095,OHS200,,2,7.313314044,106.2738076
10.43124598,-84.00532303,OHS2001,,0,6.98234969,6.968185102
10.43110298,-84.00550601,OHS2002,,0,4.888851977,31.08035967
10.43122603,-84.00543602,OHS2003,,0,7.724698181,19.41390715
10.42963003,-84.004641,OHS2004,,0,4.211431371,43.09269966
10.42960396,-84.00467603,OHS2005,,0,7.642102176,47.89488902
10.42961997,-84.00459599,OHS2006,,2,7.418284338,39.73639952
10.42961896,-84.00458903,OHS2007,,0,7.90774473,39.19191699
10.42964201,-84.00457797,OHS2008,,2,6.350324079,36.70122256
10.42963296,-84.00458903,OHS2009,,0,6.581175962,38.27073759
10.43169198,-84.00411797,OHS201,,0,3.6355228,100.9332581
10.42853099,-84.00433498,OHS2010,,0,68.73445117,68.74925237
10.42852798,-84.00432399,OHS2011,,0,68.01405548,68.0114206
10.42859402,-84.00433296,OHS2012,,0,64.28576797,64.30253498
10.42859302,-84.00431897,OHS2013,,0,63.13585199,63.16300153
10.42980303,-84.00651502,OHS2014,,0,61.10185335,199.7619975
10.42983999,-84.00644504,OHS2015,,0,55.19926126,191.2479159
10.42980596,-84.00647303,OHS2016,,2,59.66886642,196.0181752
10.42968099,-84.006195,OHS2017,,0,71.90595868,178.3681673
10.42967504,-84.00613801,OHS2018,,0,73.34314509,173.3632798
10.43167597,-84.004094,OHS202,,0,6.025994783,102.497364
10.43577597,-84.02077599,OHS2020,,2,130.9992166,131.0561002
10.43574899,-84.02078899,OHS2021,,0,134.2160175,134.2740251
10.43574899,-84.02077801,OHS2022,,0,133.9689609,134.0231478
10.43571898,-84.02076904,OHS2023,,0,137.0192321,137.0673964
10.43572501,-84.02045103,OHS2024,,0,129.576739,129.6535882
10.43580104,-84.02052303,OHS2025,,0,122.872799,122.8903972
10.43087801,-84.00416097,OHS2026,,0,2.448260911,48.38824802
10.43085798,-84.00409802,OHS2027,,0,3.426220667,52.88962171
10.43085496,-84.00410498,OHS2028,,0,4.240970482,52.07065742
10.43083602,-84.00412903,OHS2029,,0,6.87513933,48.71239503
10.43169298,-84.00407799,OHS203,,0,7.997929184,104.9745835
10.43084197,-84.00412803,OHS2030,,0,6.210851666,49.17190619
10.43082202,-84.00411101,OHS2031,,0,5.637091192,49.48577223
10.43081397,-84.00410196,OHS2032,,0,4.848939339,49.83193947
10.43084096,-84.004153,OHS2033,,0,6.489070881,46.83940423
10.43085102,-84.00417396,OHS2034,,0,5.517774264,45.55699431
10.43084901,-84.00417103,OHS2035,,0,5.720477573,45.69925071
10.430848,-84.004166,OHS2036,,0,5.798045915,46.09401737
10.43088798,-84.00415904,OHS2037,,0,1.333172805,49.16520315
10.43085597,-84.00410498,OHS2038,,2,4.218141831,52.13286516
10.430819,-84.00408796,OHS2039,,2,3.233261185,51.42249228
10.431696,-84.00407698,OHS204,,0,8.148297987,105.2422448
10.43080701,-84.004037,OHS2040,,0,0,55.313575
10.43080903,-84.00401998,OHS2041,,0,0,56.97460471
10.430862,-84.00402501,OHS2042,,2,0,59.8005276
10.43078296,-84.00403499,OHS2043,,2,0,53.99758153
10.43077198,-84.004037,OHS2044,,2,0,53.11304659
10.43080601,-84.00404999,OHS2045,,2,0,54.08044526
10.43082696,-84.00408997,OHS2046,,2,3.268018365,51.71602468
10.43130599,-84.00464804,OHS2047,,2,9.183822122,29.29499528
10.43131798,-84.00462197,OHS2048,,0,6.352014729,32.42044518
10.43134497,-84.00461904,OHS2049,,0,7.040064685,34.27972746
10.43177202,-84.004066,OHS205,,0,10.3733935,109.0525277
10.43133499,-84.00462298,OHS2050,,2,6.926345317,33.32749874
10.43132602,-84.00461703,OHS2051,,2,5.988105915,33.35275553
10.43279998,-84.00462097,OHS2052,,0,87.23420689,87.24803989
10.43276402,-84.00462097,OHS2053,,0,86.28923688,86.26428031
10.43282798,-84.00445601,OHS2054,,0,105.5238965,105.537422
10.43281297,-84.00451996,OHS2055,,0,98.32104751,98.33577965
10.43278196,-84.00453497,OHS2056,,0,95.91322892,95.88466317
10.43285899,-84.00474904,OHS2057,,2,75.19820607,75.17323933
10.432833,-84.00472004,OHS2058,,2,77.57720839,77.56365593
10.43284097,-84.00462599,OHS2059,,2,87.80464775,87.78611006
10.43176398,-84.00406399,OHS206,,0,10.48319711,108.9854655
10.43277098,-84.00468701,OHS2060,,0,79.43319259,79.44713744
10.43287701,-84.00462599,OHS2061,,0,88.7605437,88.74114062
10.43850102,-84.01371902,OHS2062,,0,137.7683334,137.7514571
10.43848702,-84.01371399,OHS2063,,0,139.4131107,139.3962355
10.43851401,-84.01371198,OHS2064,,0,136.6769768,136.6585203
10.43850998,-84.01372204,OHS2065,,0,136.7220211,136.7050784
10.43848802,-84.01369798,OHS2066,,0,139.9060345,139.8872163
10.43851501,-84.01375196,OHS2067,,0,135.0947761,135.1163113
10.43847403,-84.01373603,OHS2068,,0,139.9547096,139.9726913
10.43847403,-84.01373603,OHS2069,,2,139.9547096,139.9726913
10.43171402,-84.00410598,OHS207,,0,5.238252289,102.9421904
10.43026303,-84.006683,OHS2070,,0,7.984016883,185.6000325
10.43026303,-84.006683,OHS2071,,0,7.984016883,185.6000325
10.43089502,-84.00568203,OHS2072,,0,12.96463697,56.80619678
10.43085697,-84.00593701,OHS2073,,2,0,84.57037435
10.43097599,-84.00585897,OHS2074,,0,0,72.23375248
10.42830602,-84.004656,OHS2075,,0,111.7818366,111.8106039
10.42830602,-84.004656,OHS2076,,0,111.7818366,111.8106039
10.43097298,-84.00578999,OHS2077,,2,0,65.19976721
10.43094297,-84.00580399,OHS2078,,0,0.06113125,67.72895924
10.43022003,-84.00457604,OHS2079,,0,2.648834486,0
10.43153699,-84.00395804,OHS208,,0,13.20605418,106.9368867
10.43086602,-84.00320702,OHS2080,,0,0,107.2835519
10.43138403,-84.00577398,OHS2081,,0,0,48.14195567
10.43130498,-84.00579301,OHS2082,,0,0,53.66055398
10.43114799,-84.00575403,OHS2083,,0,0,55.22051961
10.43102897,-84.00575596,OHS2084,,0,0,59.64610071
10.43099896,-84.00574003,OHS2085,,0,0.009353309,59.08464187
10.430948,-84.00572704,OHS2086,,0,5.30313789,59.54429087
10.43095202,-84.00573903,OHS2087,,0,4.134356359,60.65299968
10.431351,-84.00361799,OHS2088,,0,0,126.9288921
10.43147899,-84.00368697,OHS2089,,0,0,128.4649987
10.43154102,-84.003937,OHS209,,0,13.36569673,109.1271031
10.43151604,-84.00375,OHS2090,,2,0.497107241,125.0461087
10.43149601,-84.00403499,OHS210,,0,9.734959321,97.38156514
10.43174101,-84.00419299,OHS211,,0,0,94.75949777
10.43171,-84.00418201,OHS212,,0,0,94.85408567
10.43187001,-84.004095,OHS213,,0,12.0631459,109.4228909
10.43187303,-84.00408603,OHS214,,0,12.94476621,110.4609849
10.43179398,-84.00401202,OHS215,,2,16.54254059,115.4318787
10.43188803,-84.00574297,OHS216,,2,10.74662093,22.0570095
10.43134698,-84.00526403,OHS217,,0,2.698265353,0
10.43126903,-84.00475097,OHS218,,0,17.59739092,17.5633697
10.43125503,-84.00456497,OHS219,,2,0.25840896,34.03189479
10.431279,-84.00457897,OHS220,,0,1.710032512,34.12169117
10.43125603,-84.00454796,OHS221,,0,0,35.68367096
10.43128202,-84.00473404,OHS222,,0,18.68590315,19.89956784
10.43126198,-84.00476002,OHS223,,2,16.34222806,16.3088579
10.431264,-84.00472599,OHS224,,0,17.86588062,19.58716961
10.43125796,-84.00472901,OHS225,,0,18.21693209,18.95213722
10.43132996,-84.00551003,OHS226,,4,0,23.40675072
10.431826,-84.00574297,OHS227,,0,4.334659962,24.84905635
10.43188099,-84.00565504,OHS228,,0,9.941952903,13.58716359
10.43189197,-84.00570701,OHS229,,0,10.07882022,18.28602112
10.43187504,-84.00573199,OHS230,,0,8.972801383,21.55226553
10.43187504,-84.00572201,OHS231,,0,8.589532544,20.55600733
10.43173204,-84.00550601,OHS232,,0,5.479838229,5.490028623
10.43136802,-84.00535002,OHS233,,0,5.457915096,5.454215686
10.43128403,-84.00479003,OHS234,,0,14.83324449,14.77311922
10.43354102,-84.00747098,OHS235,,4,136.299726,136.3034472
10.43351303,-84.00749202,OHS236,,0,140.1491354,140.1566974
10.43352099,-84.00755103,OHS237,,0,143.4234595,143.4045402
10.43126802,-84.00453899,OHS238,,0,0,37.21255162
10.43119702,-84.00453304,OHS239,,0,0,33.55237563
10.43123399,-84.00456699,OHS240,,0,0.550463377,32.63476585
10.43121597,-84.00460202,OHS241,,0,4.449719326,28.31715791
10.43130004,-84.00476497,OHS242,,0,18.10071821,18.04074948
10.43131596,-84.004829,OHS243,,0,13.06089087,13.02423485
10.43127598,-84.00542102,OHS244,,0,8.534262153,16.12430914
10.43130498,-84.005187,OHS245,,0,9.225449986,0
10.43163599,-84.00545203,OHS246,,0,4.460767962,4.525745465
10.43158402,-84.00548103,OHS247,,0,9.741807164,9.790357882
10.43158703,-84.00551196,OHS248,,0,6.703886885,12.74207867
10.43158502,-84.00548103,OHS249,,0,9.695135763,9.744458814
10.43164504,-84.00549796,OHS250,,0,6.929794282,8.703177021
10.43164001,-84.00552898,OHS251,,0,3.829292306,12.0310405
10.43163196,-84.005533,OHS252,,0,3.659746208,12.79872138
10.431625,-84.00554297,OHS253,,0,2.830412889,14.11175829
10.431625,-84.00557097,OHS254,,0,0,16.90943725
10.43139601,-84.00528498,OHS255,,0,2.294513425,0
10.43127799,-84.00479497,OHS256,,0,14.02373047,13.96311455
10.43167898,-84.00546502,OHS257,,0,3.858246667,3.868390697
10.43189197,-84.00578303,OHS258,,0,11.48051831,25.87942235
10.43132703,-84.00478802,OHS259,,0,17.53850696,17.48084302
10.43123399,-84.00471602,OHS260,,0,16.87545951,18.74908841
10.43085697,-84.00407799,OHS261,,2,1.300298436,54.64831788
10.43087499,-84.00403398,OHS262,,0,0,59.76306975
10.43089,-84.00404404,OHS263,,0,0,59.77663858
10.43090198,-84.00405301,OHS264,,0,0,59.70281456
10.43090198,-84.00405502,OHS265,,0,0,59.52009225
10.43075102,-84.00397497,OHS266,,0,0,56.41709454
10.43073602,-84.00396198,OHS267,,0,0,56.31203166
10.43076703,-84.003966,OHS268,,0,0,58.35286368
10.43075203,-84.00398201,OHS269,,0,0,55.93682986
10.43084197,-84.00393398,OHS270,,0,0,66.62577357
10.43068799,-84.00403096,OHS271,,0,5.89014441,47.15843172
10.43069202,-84.00406198,OHS272,,0,7.799169425,45.01209052
10.43070802,-84.00404102,OHS273,,0,4.951829389,47.89655064
10.43079302,-84.00402401,OHS274,,0,0,55.61793389
10.43104196,-84.00430497,OHS275,,0,0,45.31501684
10.43136299,-84.00523704,OHS276,,0,6.080418273,0
10.43140196,-84.00529998,OHS277,,0,0.950969415,0
10.43133298,-84.00535002,OHS278,,0,6.698794425,6.724322917
10.43143096,-84.00526201,OHS279,,0,5.911405928,0
10.43131404,-84.00526503,OHS280,,0,1.423331311,0
10.431078,-84.00550802,OHS281,,0,5.3156081,32.19407087
10.43089402,-84.00584799,OHS282,,0,0.084932938,74.0096956
10.43101698,-84.005633,OHS283,,0,0.117499559,47.34750319
10.431063,-84.00557198,OHS284,,0,0.175179935,39.3605843
10.43114003,-84.00563903,OHS285,,0,0,43.52873061
10.43164101,-84.00541699,OHS286,,2,0.726984538,0.797052037
10.43159902,-84.00551104,OHS287,,2,6.74272174,12.10381737
10.43161,-84.00554499,OHS288,,0,2.969539318,14.99464517
10.43161201,-84.00552403,OHS289,,0,5.229635489,12.80957538
10.43182399,-84.00551003,OHS290,,0,1.730185635,1.730599855
10.43180597,-84.00551498,OHS291,,0,3.057317719,3.069578219
10.43178703,-84.00557801,OHS292,,0,5.745618495,10.213553
10.43179499,-84.00583601,OHS293,,0,1.067202087,35.57022897
10.43180203,-84.00566099,OHS294,,0,1.991258078,17.78325323
10.43179398,-84.00561104,OHS295,,0,4.278760138,13.16169654
10.43172601,-84.00577398,OHS296,,0,0,32.53276547
10.431796,-84.00582201,OHS297,,0,1.056202957,34.1182342
10.43178703,-84.00578999,OHS298,,0,0,31.29942633
10.43189004,-84.00574297,OHS299,,2,10.95465994,21.96530477
10.43191703,-84.005777,OHS300,,0,14.29970195,24.13474816
10.430976,-84.005725,OHS3001,0,0,58.363,58.360
10.431002,-84.005743,OHS3002,0,0,59.284,59.282
10.430951,-84.005685,OHS3003,0,0,55.073,55.066
10.433928,-84.007923,OHS3004,0,0,133.262,133.308
10.431004,-84.005684,OHS3005,0,0,53.121,53.100
10.433928,-84.008008,OHS3006,1,2,139.228,139.257
10.43458,-84.007572,OHS3007,0,0,53.173,53.226
10.431311,-84.00503,OHS3009,0,0,7.197,0.000
10.43183103,-84.00588102,OHS301,,0,5.437306302,38.4427049
10.431345,-84.00509,OHS3010,0,0,12.277,0.000
10.431357,-84.00502,OHS3011,0,0,4.577,0.000
10.431357,-84.00502,OHS3012,0,0,4.577,0.000
10.431075,-84.005734,OHS3013,0,0,55.749,55.756
10.433343,-84.004582,OHS3014,1,2,105.726,105.714
10.433522,-84.004595,OHS3015,1,2,106.043,106.004
10.433516,-84.004554,OHS3016,0,0,110.458,110.431
10.433517,-84.004571,OHS3017,0,0,108.613,108.582
10.433531,-84.004579,OHS3018,0,0,107.879,107.837
10.4335,-84.004609,OHS3019,0,0,104.296,104.285
10.43187001,-84.00599602,OHS302,,0,10.25029385,48.10942247
10.433502,-84.004587,OHS3020,0,0,106.717,106.706
10.433266,-84.004523,OHS3021,1,2,111.334,111.316
10.433269,-84.004494,OHS3022,1,2,114.472,114.459
10.43326,-84.004497,OHS3023,0,0,113.874,113.870
10.433268,-84.004479,OHS3024,1,2,116.016,116.009
10.433269,-84.004481,OHS3025,1,2,115.837,115.828
10.432726,-84.004552,OHS3026,1,2,92.538,92.504
10.432788,-84.004636,OHS3027,0,0,85.312,85.329
10.432798,-84.004454,OHS3028,0,0,104.941,104.917
10.432788,-84.004645,OHS3029,0,0,84.355,84.372
10.43186196,-84.00591496,OHS303,,0,9.290583839,40.42430523
10.432785,-84.004633,OHS3030,0,0,85.552,85.567
10.432774,-84.004634,OHS3031,0,0,85.161,85.157
10.433025,-84.004279,OHS3032,0,0,129.616,129.645
10.432128,-84.004738,OHS3033,0,0,55.604,55.592
10.43219,-84.004678,OHS3034,0,0,63.794,63.802
10.432173,-84.004649,OHS3035,0,0,66.348,66.334
10.431798,-84.004638,OHS3036,0,0,51.062,51.034
10.431755,-84.004619,OHS3037,1,2,51.045,51.019
10.43132,-84.004807,OHS3038,0,0,15.356,15.305
10.431285,-84.004767,OHS3039,1,2,17.049,16.986
10.43183296,-84.00589501,OHS304,,0,5.772093039,39.75307425
10.431497,-84.003714,OHS3040,0,0,127.135,127.092
10.431498,-84.003709,OHS3041,0,0,127.652,127.608
10.431492,-84.003705,OHS3042,0,0,127.649,127.601
10.431503,-84.003717,OHS3043,0,0,127.235,127.195
10.431507,-84.003686,OHS3044,0,0,130.302,130.255
10.431475,-84.003693,OHS3045,0,0,127.711,127.670
10.431476,-84.003699,OHS3046,0,0,127.234,127.178
10.431764,-84.004621,OHS3047,0,0,51.238,51.184
10.431481,-84.003704,OHS3048,0,0,127.074,127.021
10.431481,-84.003701,OHS3049,1,2,127.350,127.296
10.43190697,-84.00588797,OHS305,,0,13.87891664,35.6516138
10.430093,-84.004655,OHS3050,2,4,12.792,12.812
10.432523,-84.006607,OHS3052,0,0,82.797,82.821
10.432497,-84.006656,OHS3053,0,0,88.887,88.912
10.432521,-84.006678,OHS3054,0,0,89.889,89.944
10.432523,-84.006691,OHS3055,0,0,91.081,91.153
10.428257,-84.005085,OHS3056,0,0,152.507,152.528
10.428262,-84.005083,OHS3057,1,2,152.016,152.038
10.425545,-84.003418,OHS3058,0,0,280.498,280.549
10.425129,-84.004016,OHS3059,1,2,342.111,342.102
10.43182902,-84.00561498,OHS306,,2,7.191974356,11.9572628
10.425116,-84.00414,OHS3060,1,2,348.252,348.184
10.431297,-84.005417,OHS3061,0,0,14.951,14.964
10.431323,-84.0054,OHS3062,0,0,12.245,12.261
10.431369,-84.005406,OHS3063,1,2,11.226,11.226
10.431383,-84.005396,OHS3064,1,2,9.698,9.701
10.431363,-84.005419,OHS3065,2,4,12.787,12.787
10.426188,-84.002463,OHS3066,1,2,169.676,169.690
10.426018,-84.002433,OHS3067,1,2,181.924,181.935
10.426227,-84.002506,OHS3068,0,0,169.498,169.607
10.426227,-84.002506,OHS3069,0,0,169.498,169.607
10.43132996,-84.00526201,OHS307,,2,2.292102216,0
10.436957,-84.009757,OHS3070,0,0,111.064,111.084
10.426227,-84.002506,OHS3071,0,0,169.498,169.607
10.426227,-84.002506,OHS3072,0,0,169.498,169.607
10.437153,-84.010725,OHS3073,1,2,126.364,126.405
10.437153,-84.010725,OHS3074,0,0,126.364,126.405
10.437153,-84.010725,OHS3075,0,0,126.364,126.405
10.436878,-84.009799,OHS3076,0,0,120.806,120.797
10.437152,-84.010592,OHS3077,0,0,121.775,121.800
10.43718,-84.010613,OHS3078,0,0,119.596,119.583
10.437168,-84.010627,OHS3079,0,0,121.335,121.327
10.43139802,-84.005245,OHS308,,2,6.503259304,0
10.437175,-84.010629,OHS3080,1,2,120.666,120.660
10.43717,-84.010503,OHS3081,2,4,116.706,116.794
10.438653,-84.014058,OHS3082,1,2,112.620,112.604
10.438622,-84.014072,OHS3083,0,0,115.805,115.801
10.43859,-84.014074,OHS3084,0,0,119.283,119.287
10.438588,-84.014077,OHS3085,0,0,119.457,119.465
10.431488,-84.000462,OHS3086,0,0,152.535,145.979
10.433261,-84.003291,OHS3087,1,2,165.879,241.015
10.43145,-84.00365,OHS3088,0,0,128.804,130.116
10.431473,-84.003668,OHS3089,0,0,129.851,129.851
10.43135502,-84.00531298,OHS309,,0,2.076500538,2.088681577
10.431533,-84.003677,OHS3090,1,2,132.728,132.689
10.431526,-84.003668,OHS3091,1,2,133.111,133.066
10.431544,-84.003669,OHS3092,0,0,134.140,134.104
10.431555,-84.003647,OHS3093,1,2,136.817,136.779
10.431554,-84.003638,OHS3094,0,0,136.267,137.529
10.431487,-84.003676,OHS3095,0,0,129.999,129.956
10.431494,-84.003685,OHS3096,0,0,129.605,129.551
10.431494,-84.003681,OHS3097,0,0,129.973,129.918
10.431495,-84.00368,OHS3098,1,2,130.125,130.070
10.431446,-84.004068,OHS3099,1,2,91.384,91.376
10.43140498,-84.00531599,OHS310,,0,0.609109317,0.610898782
10.431567,-84.004066,OHS3100,0,0,98.701,98.701
10.431573,-84.004091,OHS3101,1,2,96.742,96.722
10.431475,-84.003756,OHS3102,0,0,121.957,121.917
10.431495,-84.003773,OHS3103,1,2,121.642,121.647
10.431488,-84.003771,OHS3104,1,2,121.404,121.385
10.431482,-84.003779,OHS3105,0,0,120.307,120.286
10.431509,-84.00351,OHS3106,1,2,123.009,146.514
10.429341,-84.004406,OHS3107,0,0,34.460,34.485
10.42936,-84.004395,OHS3108,0,0,32.738,32.736
10.431595,-84.003335,OHS3109,0,0,116.750,162.222
10.43130096,-84.00528003,OHS311,,0,0.593165223,0.58275615
10.431109,-84.012364,OHS3110,0,0,692.911,693.034
10.431085,-84.01232,OHS3111,0,0,691.284,691.403
10.431159,-84.012349,OHS3112,0,0,687.902,688.027
10.431361,-84.012467,OHS3113,0,0,682.308,682.394
10.431361,-84.012467,OHS3114,0,0,682.308,682.394
10.431361,-84.012467,OHS3115,1,2,682.308,682.394
10.431361,-84.012467,OHS3116,0,0,682.308,682.394
10.431361,-84.012467,OHS3117,2,4,682.308,682.394
10.431361,-84.012467,OHS3118,0,0,682.308,682.394
10.430103,-84.008805,OHS3119,0,0,409.018,408.998
10.43166096,-84.00554398,OHS312,,2,1.593548481,12.57597472
10.430036,-84.008955,OHS3120,0,0,426.960,426.941
10.432583,-84.00492,OHS3121,0,0,49.596,49.566
10.432636,-84.004916,OHS3122,0,0,51.422,51.388
10.432635,-84.004913,OHS3123,0,0,51.716,51.679
10.432625,-84.004912,OHS3124,0,0,51.564,51.509
10.432625,-84.00491,OHS3125,0,0,51.776,51.721
10.432647,-84.004915,OHS3126,0,0,51.813,51.798
10.432655,-84.004917,OHS3127,0,0,51.818,51.811
10.432656,-84.004916,OHS3128,0,0,51.952,51.945
10.430225,-84.007173,OHS3129,1,2,235.944,235.985
10.431825,-84.00558597,OHS313,,0,8.668474498,9.243917339
10.429786,-84.007165,OHS3130,0,0,257.812,257.950
10.429722,-84.007171,OHS3131,1,2,262.222,262.403
10.429702,-84.007153,OHS3132,0,0,261.822,262.025
10.429686,-84.007154,OHS3133,0,0,262.913,263.125
10.432785,-84.004796,OHS3134,1,2,68.231,68.223
10.430166,-84.007151,OHS3135,1,2,236.360,236.389
10.431843,-84.004632,OHS3136,0,0,53.744,53.747
10.42543,-84.00172,OHS3137,0,0,117.993,118.002
10.425205,-84.001767,OHS3138,0,0,124.189,124.198
10.425396,-84.001972,OHS3139,1,2,145.472,145.481
10.43183497,-84.00592402,OHS314,,0,6.646049522,42.55812425
10.425826,-84.002083,OHS3140,0,0,164.743,164.752
10.426507,-84.001925,OHS3141,0,0,105.055,105.066
10.426575,-84.002009,OHS3142,0,0,104.842,104.848
10.426555,-84.001991,OHS3143,0,0,105.238,105.250
10.426515,-84.001878,OHS3144,0,0,101.441,101.452
10.426484,-84.001912,OHS3145,0,0,106.355,106.366
10.426463,-84.001932,OHS3146,0,0,109.506,109.517
10.426507,-84.001864,OHS3147,0,0,101.366,101.376
10.426508,-84.002063,OHS3148,0,0,114.323,114.331
10.426668,-84.001999,OHS3149,1,2,96.225,96.194
10.431855,-84.00600901,OHS315,,0,8.5116034,50.10402483
10.425485,-84.00363,OHS3150,0,0,291.960,292.128
10.425485,-84.00363,OHS3151,0,0,291.960,292.128
10.427223,-84.002344,OHS3152,0,0,94.129,94.201
10.427354,-84.002399,OHS3153,0,0,81.601,81.641
10.427338,-84.002352,OHS3154,0,0,85.354,85.338
10.427323,-84.002385,OHS3155,0,0,85.360,85.398
10.427317,-84.00238,OHS3156,0,0,86.187,86.222
10.427306,-84.002352,OHS3157,0,0,88.554,88.558
10.427313,-84.002334,OHS3158,1,2,88.708,88.684
10.427158,-84.002324,OHS3159,1,2,94.634,94.640
10.43184,-84.00606098,OHS316,,0,6.866880697,55.96560959
10.426226,-84.002154,OHS3160,0,0,144.961,144.972
10.426086,-84.002402,OHS3161,0,0,173.971,173.983
10.426099,-84.002149,OHS3162,0,0,156.244,156.255
10.426094,-84.0022,OHS3163,0,0,159.805,159.815
10.426093,-84.002193,OHS3164,0,0,159.463,159.474
10.426107,-84.002159,OHS3165,0,0,156.102,156.113
10.426213,-84.0023,OHS3166,0,0,156.019,156.030
10.426183,-84.002267,OHS3167,0,0,156.270,156.281
10.426176,-84.002256,OHS3168,0,0,156.126,156.138
10.426096,-84.002321,OHS3169,1,2,167.492,167.503
10.42980697,-84.00761599,OHS317,,0,57.2878119,299.6068678
10.42608,-84.002392,OHS3170,1,2,173.773,173.784
10.426061,-84.002378,OHS3171,0,0,174.421,174.432
10.431735,-84.004236,OHS3172,0,0,90.090,90.074
10.427221,-84.002319,OHS3173,0,0,91.630,91.680
10.427243,-84.002401,OHS3174,0,0,92.946,92.999
10.42728,-84.002411,OHS3175,0,0,88.723,88.784
10.427286,-84.002417,OHS3176,0,0,87.872,87.926
10.427263,-84.002393,OHS3177,0,0,91.181,91.253
10.427289,-84.00242,OHS3178,0,0,87.448,87.497
10.427299,-84.002241,OHS3179,0,0,80.773,80.848
10.42976699,-84.00756704,OHS318,,0,56.86627562,296.9410585
10.427299,-84.002241,OHS3180,0,0,80.773,80.848
10.427299,-84.002241,OHS3181,0,0,80.773,80.848
10.427299,-84.002241,OHS3182,0,0,80.773,80.848
10.438103,-84.013212,OHS3183,0,0,195.651,195.629
10.438372,-84.013562,OHS3184,0,0,157.060,157.045
10.438381,-84.013609,OHS3185,0,0,154.370,154.390
10.438383,-84.013625,OHS3186,0,0,153.563,153.592
10.438348,-84.013611,OHS3187,0,0,157.728,157.760
10.438369,-84.013608,OHS3188,0,0,155.654,155.679
10.438386,-84.013592,OHS3189,0,0,154.489,154.488
10.42630099,-84.01079399,OHS319,,0,578.6337261,803.8408487
10.438368,-84.013581,OHS3190,0,0,156.772,156.769
10.438374,-84.013582,OHS3191,1,2,156.110,156.106
10.438526,-84.013599,OHS3192,0,0,139.658,139.637
10.438647,-84.013492,OHS3193,0,0,130.430,130.466
10.438693,-84.013433,OHS3194,0,0,126.786,126.777
10.439108,-84.01298,OHS3195,1,2,100.572,100.642
10.43912,-84.01296,OHS3196,1,2,100.285,100.296
10.43916,-84.012935,OHS3197,1,2,97.325,97.374
10.439162,-84.012942,OHS3198,0,0,96.808,96.848
10.439178,-84.012963,OHS3199,0,0,94.261,94.280
10.43626397,-84.00918097,OHS320,,0,117.0533885,117.0783171
10.439186,-84.012976,OHS3200,0,0,92.882,92.894
10.431573,-84.004091,OHS3201,0,0,96.742,96.722
10.431475,-84.003756,OHS3202,0,0,121.957,121.917
10.431495,-84.003773,OHS3203,0,0,121.642,121.647
10.429891,-84.006649,OHS3204,1,2,204.853,204.976
10.429891,-84.006649,OHS3205,1,2,204.853,204.976
10.431227,-84.003748,OHS3206,0,0,107.492,107.494
10.43846,-84.014979,OHS3207,1,2,125.855,125.882
10.438458,-84.014946,OHS3208,0,0,126.130,126.139
10.438458,-84.014947,OHS3209,0,0,126.127,126.137
10.43626104,-84.009257,OHS321,,0,125.1077116,125.1200205
10.438445,-84.014959,OHS3210,0,0,127.535,127.552
10.438455,-84.01496,OHS3211,0,0,126.426,126.444
10.43627604,-84.00923604,OHS322,,0,122.426224,122.4409812
10.43637897,-84.00930603,OHS323,,0,126.3426176,126.3976644
10.43633002,-84.00932497,OHS324,,0,129.9417214,129.9318449
10.43638098,-84.0093,OHS325,,0,125.6446964,125.6997444
10.43436203,-84.008207,OHS7001,,2,118.6194603,118.6197759
10.43414603,-84.00815796,OHS7002,,0,131.2698988,131.3368532
10.43129702,-84.00456296,OHS7003,,0,0,36.66790678
10.43129702,-84.00456296,OHS7004,,0,0,36.66790678
10.43126098,-84.00460403,OHS7005,,0,4.5167553,30.73481827
10.43127196,-84.00461602,OHS7006,,0,5.792367335,30.26734936
10.43128202,-84.00460102,OHS7007,,0,4.114653849,32.25193309
10.431251,-84.00456497,OHS7008,,0,0.272040053,33.80078683
10.43120499,-84.00454704,OHS7009,,0,0,32.72071507
10.43669597,-84.00970199,OHS701,,0,136.825475,136.8348765
10.43120801,-84.00460697,OHS7010,,0,5.03741919,27.39631389
10.43080199,-84.00406198,OHS7011,,0,0.832893265,52.74742012
10.430834,-84.00403901,OHS7012,,2,0,56.82950973
10.43085697,-84.00409601,OHS7013,,4,3.233310658,53.01027534
10.43077902,-84.00404798,OHS7014,,0,0,52.57307376
10.43082202,-84.00412199,OHS7015,,0,6.814713247,48.48652837
10.43076703,-84.00404898,OHS7016,,0,0.620386876,51.74026465
10.43091497,-84.00404798,OHS7017,,0,0,60.96362089
10.43114296,-84.00433204,OHS7018,,2,0,49.0674671
10.431192,-84.00481601,OHS7019,,2,6.995750095,6.994241667
10.42435496,-84.00817196,OHS702,,0,651.1715981,678.0338816
10.43090399,-84.00411,OHS7020,,0,0,54.64040246
10.43084096,-84.00412099,OHS7021,,0,6.274744555,49.74968235
10.43089301,-84.00407203,OHS7022,,0,0,57.41864057
10.43092,-84.00408,OHS7023,,2,0,58.36434577
10.43127003,-84.00461703,OHS7024,,0,5.909111504,30.06058225
10.43131798,-84.00467302,OHS7025,,0,11.92773603,27.6802544
10.43132904,-84.00469498,OHS7026,,2,14.44354973,26.26378439
10.43140599,-84.00465701,OHS7027,,0,11.9211101,34.28906168
10.43125897,-84.00463999,OHS7028,,0,8.462531867,27.27742305
10.43209003,-84.00470898,OHS7029,,0,42.56889402,57.47620411
10.43687501,-84.01001799,OHS703,,0,128.2691953,128.3617345
10.43206397,-84.00474502,OHS7030,,2,41.30023766,52.87040993
10.43205801,-84.00474602,OHS7031,,0,40.74739619,52.48723946
10.432055,-84.00475097,OHS7032,,0,40.67741271,51.85358098
10.43204703,-84.00476497,OHS7033,,0,40.58962951,50.0882471
10.432157,-84.00473898,OHS7034,,2,50.64272561,56.36270778
10.43218902,-84.00467897,OHS7035,,2,52.38991682,63.66957191
10.43285396,-84.00463999,OHS7036,,0,86.64979807,86.63690449
10.43274701,-84.00454796,OHS7037,,0,93.52382531,93.51505795
10.43260703,-84.00480302,OHS7038,,0,62.68290716,62.65566154
10.43257099,-84.00487703,OHS7039,,0,53.84316176,53.81953031
10.43666697,-84.00968498,OHS704,,0,139.3172494,139.3215909
10.43256202,-84.00489002,OHS7040,,2,52.21930071,52.19299905
10.43284399,-84.004613,OHS7041,,0,89.26711282,89.24857532
10.43288698,-84.00459297,OHS7042,,0,92.54016998,92.51995721
10.43277299,-84.00477301,OHS7043,,2,70.34706006,70.35593685
10.43347699,-84.00759897,OHS7044,,0,150.4854012,150.4777047
10.43353499,-84.00759797,OHS7045,,0,145.3176247,145.3488822
10.43329502,-84.00736202,OHS7046,,4,141.8235983,141.8161225
10.43334497,-84.007403,OHS7047,,0,144.5711164,144.5647038
10.43322796,-84.007287,OHS7048,,0,136.0700444,136.110034
10.43324397,-84.00729303,OHS7049,,0,136.1846374,136.2152842
10.43697601,-84.00993702,OHS705,,4,114.9226911,114.9808371
10.43375602,-84.00757399,OHS7050,,0,124.4214904,124.4496321
10.43371998,-84.00764901,OHS7051,,0,132.5856379,132.6191236
10.43368201,-84.00755002,OHS7052,,2,129.234288,129.2866481
10.43354404,-84.00750501,OHS7053,,0,138.3325581,138.3179463
10.43348696,-84.00733796,OHS7054,,2,131.1374686,131.16755
10.43349601,-84.00734902,OHS7055,,0,131.1884462,131.2164991
10.43350498,-84.00733897,OHS7056,,0,129.7136066,129.7427689
10.43352904,-84.00730896,OHS7057,,0,125.5392882,125.5707978
10.43322402,-84.00719102,OHS7058,,0,126.1656658,126.2047789
10.431121,-84.00702196,OHS7059,,0,0,184.7967092
10.43696201,-84.00994599,OHS706,,2,116.6899843,116.752244
10.43112201,-84.00704904,OHS7060,,0,0,187.434667
10.43104104,-84.00721902,OHS7061,,0,0.105479031,208.1076909
10.431005,-84.00726001,OHS7062,,0,0,213.8670429
10.43069604,-84.00804204,OHS7063,,2,81.6172043,306.0037123
10.43059998,-84.00823097,OHS7064,,2,104.6854011,329.2576676
10.43062203,-84.00829501,OHS7065,,0,110.4996324,334.6206637
10.43055698,-84.00828897,OHS7066,,0,112.3238863,337.0273125
10.43600899,-84.020634,OHS7067,,0,102.6483924,102.6814719
10.43579902,-84.02072604,OHS7068,,2,127.4192504,127.4646238
10.43854804,-84.01483398,OHS7069,,0,116.6584729,116.7084086
10.43692002,-84.00991699,OHS707,,2,120.236869,120.2836494
10.43849104,-84.01489601,OHS7070,,0,122.6883503,122.7328489
10.43846204,-84.01494001,OHS7071,,0,125.7036469,125.709807
10.438455,-84.01500396,OHS7072,,2,126.3212583,126.3200656
10.43846003,-84.015025,OHS7073,,2,125.6716184,125.7032919
10.43843899,-84.01500296,OHS7074,,0,128.0967887,128.0952275
10.43846397,-84.014866,OHS7075,,0,125.8164823,125.8279703
10.43848299,-84.01487497,OHS7076,,2,123.6719195,123.6910662
10.43850504,-84.014866,OHS7077,,0,121.273007,121.2837731
10.43847998,-84.01485703,OHS7078,,0,124.0852109,124.0960973
10.43852398,-84.01490204,OHS7079,,0,119.0175459,119.0535213
10.43675699,-84.00996703,OHS708,,4,139.0969922,139.1415558
10.43844,-84.01488704,OHS7080,,0,128.3749565,128.4163311
10.43848098,-84.01481596,OHS7081,,0,124.1165017,124.1955096
10.43849699,-84.014794,OHS7082,,0,122.3761272,122.4823923
10.43852599,-84.01476298,OHS7083,,0,119.2872418,119.3556174
10.43847897,-84.01514302,OHS7084,,2,123.1705404,123.1659536
10.438512,-84.01521301,OHS7085,,0,119.2129022,119.1990729
10.43851803,-84.01515299,OHS7086,,0,118.8122348,118.8161266
10.43851401,-84.01513296,OHS7087,,0,119.2929576,119.3150517
10.43836397,-84.01484697,OHS7088,,0,136.962687,136.976661
10.43848098,-84.01501101,OHS7089,,0,123.4156792,123.4218739
10.436787,-84.00993702,OHS709,,2,134.9290034,134.9526768
10.43616498,-84.00944098,OHS7090,,0,147.5412536,147.5700397
10.435709,-84.00919799,OHS7091,,0,133.0945923,133.099478
10.43570104,-84.00919204,OHS7092,,2,132.6352648,132.6374703
10.4365,-84.00947099,OHS7093,,0,139.6236978,139.6334551
10.43653797,-84.00951097,OHS7094,,0,142.5688418,142.5729358
10.43658298,-84.00953804,OHS7095,,0,143.4224108,143.4457814
10.43646497,-84.00957601,OHS7096,,0,151.7686883,151.7770914
10.42961704,-84.01028101,OHS7097,,2,337.7244179,578.796821
10.42966297,-84.009963,OHS7098,,2,302.5503693,544.8313883
10.42967504,-84.00992302,OHS7099,,0,297.991019,540.2533743
10.43677501,-84.00994197,OHS710,,4,136.357762,136.3827495
10.42957203,-84.01000097,OHS7100,,0,308.7555154,552.0430449
10.42860299,-84.00424202,OHS7101,,0,55.80173078,55.81386195
10.429381,-84.00454301,OHS7102,,2,33.72162572,47.63086641
10.42914002,-84.00484602,OHS7103,,0,62.17888312,86.80412144
10.42824903,-84.00445199,OHS7104,,0,98.16199393,98.20128562
10.42827602,-84.00458098,OHS7105,,0,107.3956846,107.422262
10.42829898,-84.004655,OHS7106,,0,112.1728606,112.198815
10.42828901,-84.00427999,OHS7107,,0,79.87431445,79.86629594
10.42835598,-84.00407396,OHS7108,,0,56.78088,56.79645076
10.43648299,-84.00957601,OHS7109,,0,151.1657604,151.1826576
10.43668801,-84.00994901,OHS711,,0,145.7640805,145.7681802
10.43643203,-84.00952698,OHS7110,,0,147.6953802,147.7351035
10.43654996,-84.00968598,OHS7111,,0,151.7734517,151.760952
10.43644904,-84.00956796,OHS7112,,0,151.470192,151.4807196
10.43567497,-84.02079804,OHS7113,,0,142.4391419,142.4962256
10.43568897,-84.020777,OHS7114,,0,140.4492626,140.4975897
10.43572803,-84.02079896,OHS7115,,0,136.6890291,136.7523686
10.437002,-84.01032401,OHS7116,,0,127.3774262,127.3606333
10.437061,-84.01030599,OHS7117,,0,120.5691374,120.5673964
10.43712404,-84.01043901,OHS7118,,0,119.3031182,119.3380212
10.43708196,-84.010508,OHS7119,,0,126.1083331,126.1522965
10.436701,-84.00989897,OHS712,,0,142.7454125,142.7628564
10.43710903,-84.01039501,OHS7120,,0,119.2674608,119.2711872
10.43705204,-84.01053398,OHS7121,,0,130.1559526,130.2255987
10.43717198,-84.01033097,OHS7122,,2,110.1759082,110.2437726
10.43703401,-84.01055703,OHS7123,,0,132.8745275,132.9676617
10.43091497,-84.00398101,OHS7124,,0,0,67.05082507
10.43089502,-84.00394798,OHS7125,,0,0,68.87501756
10.43084197,-84.00391404,OHS7126,,2,0,68.20456721
10.43082604,-84.00393298,OHS7127,,0,0,65.48577849
10.43563499,-84.02007602,OHS7128,,0,132.2357803,132.3251256
10.43559803,-84.02006202,OHS7129,,0,136.2053399,136.3065146
10.43670896,-84.00985697,OHS713,,0,140.5686445,140.5561338
10.43576902,-84.02044902,OHS7130,,0,124.7673323,124.8358751
10.43571898,-84.02043301,OHS7131,,0,129.8329849,129.9363345
10.43566399,-84.02042303,OHS7132,,0,135.6120019,135.7029614
10.43564304,-84.02040602,OHS7133,,0,137.5480472,137.5801969
10.43566802,-84.02036101,OHS7134,,0,133.8552803,133.9419832
10.43571596,-84.02076501,OHS7135,,0,137.258376,137.3060832
10.43571202,-84.02075202,OHS7136,,2,137.4112232,137.4575718
10.43081003,-84.00403901,OHS7137,,0,0,55.32288686
10.43082001,-84.00407698,OHS7138,,0,2.032615137,52.49357012
10.43131596,-84.00467796,OHS7139,,0,12.45816153,27.10266605
10.43667804,-84.00984096,OHS714,,0,143.2799017,143.3111329
10.43130901,-84.00466396,OHS7140,,0,10.9182558,27.99348603
10.43134304,-84.00465701,OHS7141,,0,10.73340387,30.62515682
10.43192298,-84.00472901,OHS7142,,0,26.80044296,47.83283163
10.43222297,-84.00479003,OHS7143,,2,52.97567154,52.97797522
10.43213697,-84.00479296,OHS7144,,0,50.0796888,50.06672755
10.43761698,-84.01198003,OHS7145,,2,126.8779519,126.8903712
10.43582702,-84.02061297,OHS7146,,0,121.9783269,121.9950899
10.43571596,-84.02059704,OHS7147,,0,133.6669798,133.7323009
10.43567799,-84.02062797,OHS7148,,0,138.4718349,138.4904211
10.43564597,-84.02065203,OHS7149,,2,142.4587931,142.4914584
10.43646304,-84.00959697,OHS715,,0,154.020055,154.0317689
10.43582803,-84.02044198,OHS7150,,2,118.2181632,118.2835259
10.43577204,-84.02047098,OHS7151,,0,124.9466315,125.0138169
10.43578704,-84.02037903,OHS7152,,0,121.3397595,121.3690003
10.43765604,-84.01203903,OHS7153,,2,127.3003447,127.3506523
10.43763399,-84.01203501,OHS7154,,0,128.9450859,128.9864049
10.43578897,-84.02000302,OHS7155,,0,114.7951585,114.9351992
10.43571797,-84.02005498,OHS7156,,0,122.9040262,123.0047242
10.43571797,-84.020043,OHS7157,,0,122.8228202,122.932837
10.435665,-84.020043,OHS7158,,0,128.6787443,128.790866
10.43585602,-84.01980998,OHS7159,,0,108.5256684,108.5893704
10.436485,-84.00962303,OHS716,,0,156.02788,156.0372967
10.43585703,-84.01981501,OHS7160,,0,108.347405,108.4177137
10.43588402,-84.01983999,OHS7161,,0,105.0779847,105.1094012
10.43585904,-84.01988097,OHS7162,,0,107.4326551,107.42824
10.43584504,-84.019886,OHS7163,,0,108.937063,108.9346146
10.43590296,-84.01983404,OHS7164,,0,103.0583758,103.108407
10.43590698,-84.01980001,OHS7165,,0,103.0686687,103.071422
10.438354,-84.01359497,OHS7166,,2,157.7062524,157.7211321
10.438341,-84.01360997,OHS7167,,0,158.4950867,158.5233685
10.43833899,-84.01359304,OHS7168,,0,159.3381992,159.3578013
10.43580104,-84.02050601,OHS7169,,0,122.5034495,122.5550253
10.43649699,-84.00963896,OHS717,,0,155.7821906,155.8446066
10.435824,-84.02049604,OHS7170,,0,119.8004564,119.8576924
10.43584596,-84.02050501,OHS7171,,0,117.6027647,117.6417898
10.43579299,-84.02039403,OHS7172,,0,120.994549,121.072061
10.43579601,-84.020418,OHS7173,,0,121.1478389,121.2514071
10.43579601,-84.02041004,OHS7174,,0,120.9814986,121.0949296
10.43579098,-84.020446,OHS7175,,0,122.3208564,122.3881497
10.43056302,-84.003692,OHS7176,,0,10.28455826,64.82787526
10.43574203,-84.020634,OHS7177,,0,131.6428661,131.6785244
10.43574203,-84.020634,OHS7178,,0,131.6428661,131.6785244
10.43574203,-84.020634,OHS7179,,0,131.6428661,131.6785244
10.43607404,-84.01363604,OHS718,,0,374.3889304,374.4833462
10.43574203,-84.020634,OHS7180,,0,131.6428661,131.6785244
10.43032204,-84.00358899,OHS7181,,2,11.37138842,58.75648067
10.43034601,-84.00360097,OHS7182,,0,10.35356988,59.19104232
10.43047199,-84.00355797,OHS7183,,0,0,71.01623706
10.430474,-84.00354699,OHS7184,,0,0,72.1318831
10.43044198,-84.00346301,OHS7185,,0,0,77.67109986
10.43042899,-84.00346099,OHS7186,,0,0,77.03193121
10.43036303,-84.00325203,OHS7187,,2,2.440025118,85.46098619
10.43036998,-84.00325597,OHS7188,,2,2.100132447,86.14853189
10.430373,-84.003247,OHS7189,,2,3.118591443,85.36551261
10.43605702,-84.01367401,OHS719,,0,378.6032919,378.7005718
10.43496201,-84.02186003,OHS7190,,0,248.7105684,248.7505719
10.43501297,-84.02193597,OHS7191,,0,247.1166419,247.145342
10.43497299,-84.02193597,OHS7192,,0,251.0972121,251.1281079
10.43483603,-84.02186698,OHS7193,,0,261.8205324,261.86584
10.43172701,-84.00325103,OHS7194,,0,0,165.7104117
10.431739,-84.00332001,OHS7195,,0,0,171.915351
10.43155996,-84.00355697,OHS7196,,2,2.996888643,145.2968159
10.43371604,-84.00473496,OHS7197,,0,92.71532694,92.70921865
10.43371403,-84.004742,OHS7198,,0,91.92675273,91.92013116
10.43370699,-84.00472498,OHS7199,,0,93.71361554,93.70377163
10.43730802,-84.009602,OHS720,,2,68.86324113,69.00430813
10.43748898,-84.00965698,OHS721,,2,51.56839788,51.58728415
10.43745596,-84.00950401,OHS722,,4,50.08567414,50.12676111
10.43747599,-84.00945598,OHS723,,2,46.36371103,46.37315663
10.43752796,-84.00944701,OHS724,,2,40.58904825,40.5984708
10.43743098,-84.00951499,OHS725,,2,53.08794135,53.13045747
10.43744498,-84.00957098,OHS726,,4,53.3797284,53.49529051
10.43740902,-84.00941399,OHS727,,0,52.12171725,52.10263568
10.43722001,-84.009401,OHS728,,0,71.5951537,71.66317239
10.43734004,-84.009185,OHS729,,0,51.89612259,51.9855693
10.43376398,-84.00765697,OHS730,,0,129.2459621,129.2509626
10.42357402,-84.00177699,OHS731,,0,124.1450979,124.1524066
10.42423401,-84.001636,OHS732,,0,125.8241133,125.8324727
10.42413896,-84.00174497,OHS733,,0,133.8772211,133.8853632
10.42419696,-84.00165402,OHS734,,2,126.2584022,126.2667239
10.42408397,-84.00172804,OHS735,,0,130.5424283,130.5504908
10.42384299,-84.00203498,OHS736,,2,157.5646467,157.5725547
10.42381902,-84.00200204,OHS737,,0,153.3830704,153.3909484
10.42397602,-84.00183298,OHS738,,2,139.677989,139.6857993
10.43745596,-84.00952497,OHS739,,0,50.79784544,50.85011673
10.43232397,-84.00677696,OHS740,,0,88.40586317,109.3920077
10.43245699,-84.00667998,OHS741,,2,93.23803808,93.28246881
10.43234602,-84.00675902,OHS742,,0,89.30969844,106.5399917
10.43232498,-84.006769,OHS743,,0,88.00488935,108.5589451
10.4323,-84.00678098,OHS744,,0,86.46456595,110.9526134
10.43221601,-84.00671401,OHS745,,0,74.64587657,108.5608022
10.43233696,-84.00675399,OHS746,,0,88.17139079,106.4991124
10.43229799,-84.00673999,OHS747,,0,83.74392006,107.0309943
10.431451,-84.00625602,OHS748,,0,0,93.26502202
10.43148603,-84.00635703,OHS749,,0,0,101.7026471
10.43168703,-84.00623901,OHS750,,0,0,80.76086197
10.43162199,-84.00621403,OHS751,,0,0,81.19901651
10.43168502,-84.00619098,OHS752,,0,0,76.05540537
10.43184201,-84.006007,OHS753,,0,7.087939968,50.51540753
10.43177596,-84.00557499,OHS754,,0,4.938159697,10.4352517
10.43165602,-84.005475,OHS755,,0,5.883815835,5.909083022
10.43174897,-84.00552101,OHS756,,0,6.059969172,6.24862218
10.43186104,-84.00548598,OHS757,,0,2.380652324,0
10.43163397,-84.00550903,OHS758,,0,6.115322416,10.31173264
10.43168896,-84.005519,OHS759,,0,3.516786882,8.805553086
10.43171201,-84.00551397,OHS760,,0,4.79551911,7.223076497
10.43158896,-84.00539302,OHS761,,0,0.752450553,0.774337332
10.43167303,-84.00546402,OHS762,,0,4.030777988,4.038497032
10.43173799,-84.00554499,OHS763,,0,3.413668842,9.142697923
10.43173498,-84.00557097,OHS764,,0,1.49296872,11.88836968
10.43131001,-84.00541599,OHS765,,0,8.800208891,14.38774837
10.43169902,-84.00552202,OHS766,,0,3.41300876,8.632948671
10.43131596,-84.00460202,OHS767,,0,4.154593417,34.15465718
10.43121203,-84.00448099,OHS768,,0,0,39.26806645
10.43155996,-84.00463304,OHS769,,0,6.96517093,42.72093438
10.43203102,-84.00475097,OHS770,,2,38.3051837,50.68920167
10.430393,-84.003472,OHS7704,0,0,0,73.769
10.430366,-84.003488,OHS7705,0,0,0.217,70.623
10.43159,-84.004641,OHS7706,0,0,7.424,42.895
10.431596,-84.004641,OHS7707,1,2,7.343,43.102
10.432181,-84.004766,OHS7708,0,0,54.149,54.267
10.431726,-84.004173,OHS7709,1,2,0,96.325
10.43190102,-84.00460303,OHS771,,0,19.59193393,59.35286342
10.431704,-84.004135,OHS7710,0,0,1.946,99.576
10.431368,-84.004227,OHS7711,1,2,0,72.024
10.431286,-84.004561,OHS7712,0,0,0,36.202
10.43129,-84.004542,OHS7713,0,0,0,38.202
10.431313,-84.004775,OHS7714,0,0,17.927,17.865
10.431292,-84.004729,OHS7715,0,0,18.1,20.949
10.431302,-84.004644,OHS7716,0,0,8.755,29.435
10.431292,-84.004637,OHS7717,0,0,8.022,29.497
10.431345,-84.004063,OHS7718,0,0,0,85.95
10.431453,-84.003755,OHS7719,0,0,0,120.648
10.43214703,-84.00476396,OHS772,,0,50.56957027,53.42811087
10.431471,-84.003732,OHS7720,0,0,0,123.85
10.433716,-84.007693,OHS7721,0,0,135.864,135.869
10.433772,-84.007678,OHS7722,0,0,129.941,129.969
10.433771,-84.007674,OHS7723,0,0,129.762,129.786
10.433771,-84.007665,OHS7724,1,2,129.163,129.179
10.433794,-84.007665,OHS7725,0,0,127.141,127.172
10.433791,-84.007677,OHS7726,1,2,128.203,128.243
10.433985,-84.008108,OHS7727,0,0,141.413,141.412
10.433964,-84.008069,OHS7728,0,0,140.442,140.506
10.433992,-84.008012,OHS7729,0,0,134.083,134.139
10.43164697,-84.00546703,OHS773,,0,5.482055379,5.524760562
10.435828,-84.009173,OHS7730,0,0,127.685,127.717
10.43584,-84.009128,OHS7731,1,2,122.588,122.621
10.435882,-84.009208,OHS7732,0,0,130.259,130.263
10.430657,-84.010304,OHS7733,0,0,325.669,537.353
10.430636,-84.01043,OHS7734,0,0,339.647,550.994
10.43037,-84.011491,OHS7735,0,0,458.735,668.683
10.43052,-84.01132,OHS7736,1,2,438.008,644.81
10.43053,-84.011379,OHS7737,0,0,444.311,650.298
10.430516,-84.011406,OHS7738,1,2,447.423,653.629
10.42966,-84.010147,OHS7739,0,0,322.402,563.451
10.43177202,-84.00562897,OHS774,,2,1.15827005,15.97481779
10.42966,-84.010143,OHS7740,0,0,321.971,563.051
10.4297,-84.01015,OHS7741,0,0,321.928,561.944
10.429639,-84.010032,OHS7742,0,0,310.49,552.845
10.429697,-84.010103,OHS7743,0,0,316.915,557.373
10.429723,-84.010118,OHS7744,0,0,318.038,557.707
10.429734,-84.010132,OHS7745,0,0,319.35,558.601
10.429611,-84.01008,OHS7746,0,0,316.273,558.83
10.429383,-84.009782,OHS7747,0,0,291.272,536.286
10.429419,-84.009701,OHS7748,0,0,281.596,526.58
10.429406,-84.009661,OHS7749,0,0,277.884,522.963
10.43160397,-84.00545002,OHS775,,0,5.730559105,5.783674406
10.429364,-84.009654,OHS7750,0,0,278.674,523.881
10.42925,-84.009723,OHS7751,0,0,290.166,535.519
10.430415,-84.003609,OHS7752,1,2,5.425,62.824
10.43153,-84.00574,OHS7753,0,0,0,38.119
10.431741,-84.00565,OHS7754,0,0,0,19.521
10.438211,-84.013122,OHS7755,0,0,186.639,186.672
10.438199,-84.013122,OHS7756,1,2,187.91,187.942
10.438182,-84.013131,OHS7757,0,0,189.435,189.46
10.438248,-84.013339,OHS7758,0,0,177.11,177.078
10.438259,-84.013326,OHS7759,0,0,176.184,176.137
10.431668,-84.00561598,OHS776,,0,0,19.41305381
10.438262,-84.013326,OHS7760,1,2,175.858,175.811
10.438195,-84.013324,OHS7761,0,0,183.182,183.145
10.431516,-84.003866,OHS7762,0,0,9.664,114.249
10.438655,-84.013444,OHS7763,0,0,130.689,130.72
10.439088,-84.013105,OHS7764,0,0,97.058,97.066
10.439352,-84.012658,OHS7765,1,2,90.289,90.364
10.439124,-84.012999,OHS7766,0,0,98.098,98.181
10.43914,-84.012982,OHS7767,0,0,97.272,97.306
10.43915,-84.012979,OHS7768,0,0,96.412,96.421
10.439149,-84.012983,OHS7769,0,0,96.326,96.348
10.43178996,-84.00554004,OHS777,,0,6.293563223,6.308978237
10.43915,-84.012934,OHS7770,0,0,98.379,98.422
10.439136,-84.012985,OHS7771,0,0,97.531,97.582
10.430971,-84.004355,OHS7772,0,0,1.606,36.42
10.430979,-84.004356,OHS7773,1,2,0.913,36.82
10.431018,-84.004287,OHS7774,1,2,0,45.507
10.431867,-84.006904,OHS7775,0,0,54.517,141.413
10.431869,-84.00691,OHS7776,0,0,55.071,141.962
10.431849,-84.006904,OHS7777,0,0,52.872,142.066
10.431755,-84.006919,OHS7778,0,0,45.301,147.069
10.431767,-84.005675,OHS7779,0,0,0,20.779
10.43170799,-84.00557701,OHS778,,0,0,13.68306607
10.431901,-84.005603,OHS7780,0,0,7.45,7.473
10.431833,-84.005535,OHS7781,0,0,3.798,3.788
10.430969,-84.00436,OHS7783,0,0,2.084,35.841
10.43095,-84.00431,OHS7784,1,2,0.966,39.225
10.43097,-84.004315,OHS7785,1,2,0,40.007
10.430965,-84.004334,OHS7786,0,0,0.95,37.967
10.430975,-84.004345,OHS7787,1,2,0.65,37.578
10.43098,-84.004351,OHS7788,1,2,0.529,37.337
10.431296,-84.004649,OHS7789,0,0,9.323,28.618
10.43091103,-84.02727599,OHS779,,0,114.0889569,114.0137708
10.431332,-84.004646,OHS7790,0,0,9.227,31.014
10.431332,-84.004646,OHS7791,0,0,9.227,31.014
10.432377,-84.0047,OHS7792,1,2,67.154,67.159
10.432397,-84.004734,OHS7793,0,0,64.218,64.177
10.432448,-84.004871,OHS7794,1,2,51.207,51.19
10.432448,-84.004882,OHS7795,0,0,50.036,50.018
10.432658,-84.004777,OHS7796,0,0,66.803,66.747
10.432545,-84.004849,OHS7797,0,0,56.12,56.091
10.432715,-84.004939,OHS7798,1,2,51.137,51.153
10.432738,-84.004962,OHS7799,1,2,49.318,49.319
10.43087499,-84.02727499,OHS780,,0,117.9176731,117.8490786
10.432724,-84.004925,OHS7800,1,2,52.869,52.883
10.432725,-84.004927,OHS7801,0,0,52.683,52.697
10.432699,-84.004845,OHS7802,0,0,60.721,60.688
10.432764,-84.004864,OHS7803,0,0,60.436,60.434
10.433731,-84.00471,OHS7804,1,2,95.589,95.592
10.433486,-84.004639,OHS7805,1,2,100.882,100.889
10.433475,-84.004643,OHS7806,1,2,100.335,100.343
10.433505,-84.00471,OHS7807,1,2,93.322,93.291
10.433509,-84.004679,OHS7808,0,0,96.745,96.713
10.433513,-84.004687,OHS7809,0,0,95.912,95.873
10.42435102,-84.00158596,OHS781,,2,126.1925676,126.2008681
10.433521,-84.004704,OHS7810,0,0,94.136,94.094
10.43349,-84.004741,OHS7811,0,0,89.789,89.777
10.433476,-84.004736,OHS7812,0,0,90.195,90.202
10.433618,-84.004637,OHS7813,1,2,102.417,102.396
10.433508,-84.004733,OHS7814,1,2,90.841,90.804
10.432721,-84.004902,OHS7815,1,2,55.232,55.249
10.432735,-84.004874,OHS7816,1,2,58.586,58.601
10.43282,-84.004736,OHS7817,1,2,75.54,75.522
10.432897,-84.004701,OHS7818,1,2,81.32,81.32
10.432923,-84.004711,OHS7819,0,0,80.956,80.988
10.42418196,-84.00194697,OHS782,,0,156.4822445,156.4903679
10.432927,-84.004688,OHS7820,0,0,83.505,83.538
10.433333,-84.004552,OHS7821,0,0,108.901,108.884
10.433342,-84.004551,OHS7822,1,2,109.1,109.086
10.433356,-84.004539,OHS7823,0,0,110.549,110.54
10.433357,-84.004531,OHS7824,0,0,111.432,111.423
10.43336,-84.004522,OHS7825,1,2,112.445,112.436
10.433359,-84.004581,OHS7826,0,0,105.995,105.988
10.433388,-84.004609,OHS7827,1,2,103.21,103.231
10.433381,-84.004606,OHS7828,1,2,103.484,103.488
10.429349,-84.010227,OHS7829,1,2,338.98,583.475
10.43352099,-84.00692699,OHS783,,0,89.12118399,89.15693857
10.429371,-84.010209,OHS7830,1,2,336.41,580.813
10.429359,-84.010204,OHS7831,0,0,336.25,580.731
10.429363,-84.010171,OHS7832,0,0,332.654,577.169
10.42938,-84.01016,OHS7833,0,0,330.973,575.413
10.4294,-84.01018,OHS7834,0,0,332.481,576.759
10.429416,-84.010211,OHS7835,0,0,335.29,579.393
10.42942,-84.010215,OHS7836,0,0,335.599,579.665
10.429433,-84.010241,OHS7837,0,0,337.985,581.901
10.429431,-84.010245,OHS7838,0,0,338.466,582.387
10.429317,-84.010125,OHS7839,1,2,329.3,574.122
10.43357204,-84.00697502,OHS784,,2,92.97837675,93.01165647
10.429633,-84.010071,OHS7840,0,0,314.81,557.102
10.426008,-84.001315,OHS7841,0,0,97.157,97.165
10.425995,-84.001312,OHS7842,0,0,96.036,96.043
10.426024,-84.001326,OHS7843,0,0,99.187,99.194
10.426014,-84.00131,OHS7844,0,0,97.121,97.128
10.426042,-84.001346,OHS7845,0,0,102.138,102.145
10.426043,-84.001421,OHS7846,0,0,108.842,108.849
10.426005,-84.001412,OHS7847,1,2,105.61,105.618
10.426459,-84.001528,OHS7848,2,4,91.166,91.407
10.426459,-84.001528,OHS7849,2,4,91.166,91.407
10.43112896,-84.00577599,OHS785,,0,0,58.16482907
10.432047,-84.004724,OHS7850,0,0,38.661,54.121
10.431422,-84.004843,OHS7851,0,0,16.1,16.114
10.431422,-84.004843,OHS7852,0,0,16.1,16.114
10.431422,-84.004843,OHS7853,0,0,16.1,16.114
10.432007,-84.004718,OHS7854,0,0,34.334,52.822
10.432057,-84.004733,OHS7855,0,0,40.064,53.721
10.432061,-84.004707,OHS7856,0,0,39.452,56.475
10.432086,-84.004701,OHS7857,0,0,41.881,58.2
10.432073,-84.004713,OHS7858,0,0,40.922,56.467
10.43206,-84.004723,OHS7859,0,0,39.955,54.851
10.43082696,-84.00608503,OHS786,,0,0,101.0004228
10.432062,-84.00472,OHS7860,0,0,40.043,55.244
10.432043,-84.004722,OHS7861,0,0,38.168,54.124
10.432047,-84.004724,OHS7862,0,0,38.661,54.121
10.432568,-84.004889,OHS7863,2,4,52.491,52.467
10.434108,-84.008062,OHS7864,0,0,127.695,127.709
10.434343,-84.008238,OHS7865,0,0,122.561,122.562
10.434343,-84.008238,OHS7866,0,0,122.561,122.562
10.434343,-84.008238,OHS7867,0,0,122.561,122.562
10.43063502,-84.00612904,OHS787,,0,1.319015889,112.9442624
10.43074097,-84.00609601,OHS788,,0,0,105.2712411
10.43070903,-84.00605796,OHS789,,0,0.858371277,102.5908512
10.43071599,-84.00599803,OHS790,,0,4.799950637,96.21314161
10.43067701,-84.00600398,OHS791,,0,7.470562615,98.53993884
10.430719,-84.006065,OHS792,,0,0,102.9119183
10.43072797,-84.00602904,OHS793,,0,1.490356201,98.87634859
10.43052102,-84.00606701,OHS794,,0,0,112.7622736
10.43046503,-84.00604698,OHS795,,4,0,114.2796335
10.43053301,-84.00597498,OHS796,,0,2.442100031,103.5297743
10.430575,-84.00613298,OHS797,,0,0,116.1847896
10.43074801,-84.00601898,OHS798,,0,0.651506087,97.06501122
10.43066796,-84.00610096,OHS799,,0,0.97723264,108.6717279
10.43073904,-84.00607003,OHS800,,0,0,102.6638592
10.43076301,-84.00599401,OHS801,,0,1.345918569,93.92560435
10.43067299,-84.00624597,OHS802,,0,0,123.2824282
10.43067299,-84.00625804,OHS803,,0,0,124.5272034
10.43067601,-84.00600499,OHS804,,0,7.478081418,98.68657263
10.43071004,-84.00602703,OHS805,,0,3.076827967,99.40328863
10.43069998,-84.00603298,OHS806,,0,3.448098738,100.430657
10.43088698,-84.00583299,OHS807,,0,1.700709289,72.71112874
10.43109502,-84.00561104,OHS808,,0,0,42.26449158
10.43108203,-84.00572,OHS809,,0,0,54.04913663
10.43104699,-84.00570399,OHS810,,0,0,53.61133745
10.43100902,-84.00571204,OHS811,,0,0.930100341,55.82109453
10.43102796,-84.005735,OHS812,,0,0,57.51263356
10.43094104,-84.00574003,OHS813,,2,5.014225776,61.1374038
10.43096602,-84.00577297,OHS814,,0,0.598948298,63.68989529
10.43094699,-84.00575101,OHS815,,2,3.747605396,62.07478676
10.43092403,-84.00577004,OHS816,,0,4.248286933,64.85190191
10.43092897,-84.00574397,OHS817,,0,5.78724259,61.97111065
10.43103299,-84.005361,OHS818,,0,18.53393632,18.54279796
10.43104196,-84.00541599,OHS819,,0,16.06806361,23.91213487
10.43104397,-84.00531096,OHS820,,2,12.96090498,12.96301488
10.43099804,-84.00534399,OHS821,,0,18.02317082,18.0852709
10.43111698,-84.00537098,OHS822,,2,16.60700031,16.58994144
10.43108404,-84.00536704,OHS823,,0,17.36156308,17.35980484
10.44178898,-84.01185002,OHS824,,0,116.6734333,116.7149908
10.44057797,-84.01174097,OHS825,,2,82.23019845,82.27682924
10.44059398,-84.011775,OHS826,,2,79.07856322,79.15795994
10.44055902,-84.01172203,OHS827,,2,83.78032138,83.79704595
10.44050597,-84.01175397,OHS828,,0,79.28012873,79.23492239
10.440296,-84.01174298,OHS829,,4,79.58809858,79.53977115
10.43118898,-84.00578597,OHS830,,0,0,57.08727072
10.430963,-84.00545396,OHS831,,0,17.19451192,30.73894149
10.42963397,-84.00591999,OHS832,,0,83.76681098,155.0521091
10.42959197,-84.00592896,OHS833,,0,88.49278016,158.276349
10.42961201,-84.00590398,OHS834,,2,85.5392124,154.7849767
10.42966004,-84.00531499,OHS835,,0,45.11495686,99.30849394
10.42970002,-84.00523896,OHS836,,0,36.13666746,90.07902663
10.42972701,-84.00526201,OHS837,,0,38.37013006,90.13813855
10.43267903,-84.00669197,OHS838,,0,85.29332517,85.72279951
10.43248901,-84.00667202,OHS839,,0,90.85214509,90.87734327
10.43266604,-84.00670496,OHS840,,0,87.03886449,87.44536821
10.43292001,-84.00656599,OHS841,,0,68.95675203,68.94310124
10.430963,-84.00433204,OHS842,,0,1.024294224,38.023011
10.43131001,-84.004655,OHS843,,0,9.933069646,28.88550355
10.43178803,-84.00463496,OHS844,,0,8.64991158,50.8669458
10.43212499,-84.00467201,OHS845,,0,45.28638272,62.44221228
10.43271398,-84.00490603,OHS846,,0,54.62015262,54.62882054
10.43285203,-84.00475902,OHS847,,0,73.9494747,73.92639968
10.43287097,-84.00484904,OHS848,,0,64.87190304,64.89093216
10.43278699,-84.00488701,OHS849,,0,58.59473266,58.5768748
10.43285103,-84.00479296,OHS850,,0,70.31565976,70.29070263
10.43286502,-84.00477,OHS851,,0,73.13587535,73.11460945
10.43288598,-84.004727,OHS852,,0,78.26485776,78.25692429
10.43276997,-84.00480302,OHS853,,0,67.07704362,67.08387845
10.43279302,-84.00485599,OHS854,,0,62.05568232,62.03729156
10.432732,-84.00489497,OHS855,,0,56.27661812,56.29042447
10.43252598,-84.00497602,OHS856,,2,42.10350506,42.07349475
10.43073703,-84.00361497,OHS857,,2,0.026525719,83.98424169
10.43048599,-84.003663,OHS858,,2,4.643942118,62.44506436
10.43046696,-84.00370801,OHS859,,0,9.957061196,57.19154737
10.43045699,-84.00373299,OHS860,,0,12.90259886,54.3132295
10.43046604,-84.00372997,OHS861,,0,12.29674744,55.15645144
10.43040804,-84.00371497,OHS862,,0,14.0125706,52.84482695
10.43035297,-84.00372896,OHS863,,2,19.46259311,48.10778365
10.43035104,-84.00344297,OHS864,,0,0,73.74442251
10.43036202,-84.00347399,OHS865,,2,0,71.63380763
10.43032598,-84.00342403,OHS866,,0,0,74.0104182
10.43032799,-84.00342302,OHS867,,0,0,74.22017291
10.430272,-84.00334398,OHS868,,0,0,78.65677914
10.43036697,-84.00328003,OHS869,,0,0,88.47628521
10.44103696,-84.01179998,OHS870,,0,101.7830064,102.1593902
10.43616699,-84.00572302,OHS871,,2,86.39105061,167.9551335
10.43633002,-84.00575303,OHS872,,0,98.48242232,175.3851619
10.43482304,-84.00545103,OHS873,,0,16.49050032,84.36558242
10.43485598,-84.00542102,OHS874,,0,19.63717673,89.27589465
10.435033,-84.00547701,OHS875,,2,23.64847559,99.66765672
10.43511104,-84.00553602,OHS876,,2,24.42714684,101.6605651
10.43511003,-84.00554599,OHS877,,0,23.53397084,100.8360441
10.43508899,-84.00560902,OHS878,,0,16.79531196,94.43259776
10.43516602,-84.00559301,OHS879,,0,23.72796243,101.8809247
10.43504197,-84.005576,OHS880,,0,16.12754927,93.03140067
10.43511196,-84.00565797,OHS881,,2,14.42964109,92.64294011
10.43530801,-84.00564901,OHS882,,0,29.48276373,108.9680838
10.43563097,-84.00625602,OHS883,,4,3.98160728,84.9087075
10.43558504,-84.00624102,OHS884,,2,0.766949449,82.79163748
10.43547498,-84.00637002,OHS885,,0,7.195592631,64.12909116
10.43558696,-84.00656498,OHS886,,0,12.84567068,56.24056811
10.435507,-84.00693102,OHS887,,0,18.13067342,18.08196103
10.43554698,-84.00693303,OHS888,,0,20.23257097,20.19047605
10.43558998,-84.00692004,OHS889,,0,23.92867184,23.8783302
10.43557699,-84.00705096,OHS890,,0,10.89161238,10.87910948
10.43551899,-84.00702104,OHS891,,2,10.37526873,10.33713551
10.43551303,-84.00690604,OHS892,,0,20.68312759,20.76867016
10.43558998,-84.00700101,OHS893,,0,16.35969349,16.32845092
10.43564304,-84.00693504,OHS894,,0,25.53444958,25.53487264
10.43567497,-84.00698902,OHS895,,0,21.79659907,21.77024615
10.43559501,-84.00702003,OHS896,,2,14.81865232,14.8122753
10.43559803,-84.00704904,OHS897,,4,12.14711808,12.12227075
10.434917,-84.00610699,OHS898,,2,28.55696281,42.81168983
10.43489797,-84.00615896,OHS899,,0,28.67142708,37.26460614
10.43528002,-84.00590097,OHS900,,2,6.636166871,87.04282242
10.43491297,-84.00575596,OHS901,,0,8.143348931,69.19315119
10.43473997,-84.00544398,OHS902,,0,20.51638505,78.188935
10.43472597,-84.00553099,OHS903,,2,14.27278391,70.52687889
10.43464199,-84.00526503,OHS904,,0,42.92864806,84.77111103
10.43471097,-84.00536603,OHS905,,0,29.57030666,82.11382933
10.43462497,-84.005246,OHS906,,0,45.67079224,84.8803654
10.43471801,-84.00534298,OHS907,,0,31.46534046,84.48752982
10.43475204,-84.00519404,OHS908,,2,45.64933119,98.88335073
10.43435298,-84.00512002,OHS909,,0,75.1429385,76.3791076
10.43132803,-84.00465198,OHS910,,0,9.77252535,30.22529658
10.43134304,-84.00453597,OHS911,,0,2.449641735,41.87991235
10.43116903,-84.00449901,OHS912,,0,0,35.06631493
10.43116501,-84.00457202,OHS913,,0,3.986476168,28.05044544
10.43120499,-84.00456497,OHS914,,0,0.851388745,31.06738269
10.43088497,-84.00415904,OHS915,,0,1.666562675,48.98388435
10.43082604,-84.00406701,OHS916,,0,0.82564041,53.77428565
10.43081196,-84.00407103,OHS917,,0,1.577230882,52.55755056
10.43080903,-84.00404798,OHS918,,0,0,54.45201989
10.43080199,-84.00404597,OHS919,,0,0,54.1886171
10.43079796,-84.00404002,OHS920,,0,0,54.47085455
10.43079201,-84.004038,OHS921,,0,0,54.28331879
10.43086602,-84.00410397,OHS922,,0,3.391397256,52.846502
10.43085898,-84.00410699,OHS923,,0,4.189632745,52.13679182
10.43085303,-84.00411897,OHS924,,0,4.9274993,50.67921685
10.43087097,-84.00417304,OHS925,,0,3.307084637,46.85413765
10.432919,-84.00480897,OHS926,,2,70.49129227,70.49756773
10.43286301,-84.00482104,OHS927,,2,67.6494092,67.64183934
10.43285899,-84.004799,OHS928,,0,69.89082905,69.87017187
10.432761,-84.00489799,OHS929,,2,56.74383384,56.73471664
10.43267199,-84.00490503,OHS930,,2,53.58045314,53.5620045
10.43213697,-84.00471702,OHS931,,0,47.79094824,58.07498263
10.43221903,-84.004699,OHS932,,0,56.08547064,62.46972247
10.43219296,-84.00476103,OHS933,,2,55.16758904,55.14977701
10.431192,-84.00448602,OHS934,,2,0,37.62324365
10.43126701,-84.00456397,OHS935,,0,0.107447239,34.81465205
10.43145896,-84.00439197,OHS936,,0,0.277969673,62.0678996
10.43147103,-84.00440597,OHS937,,2,0,61.47771056
10.43180899,-84.00470797,OHS938,,0,16.02501802,44.61043573
10.43180597,-84.00471803,OHS939,,0,16.74772197,43.4707051
10.43197998,-84.00471803,OHS940,,0,31.63061547,51.58835555
10.43229103,-84.00471199,OHS941,,0,63.29960111,63.27883209
10.43222498,-84.00471803,OHS942,,0,57.20669733,60.63445218
10.43228198,-84.00478802,OHS943,,0,55.00539311,55.00171972
10.43271197,-84.00482599,OHS944,,0,63.09317599,63.0681205
10.43274902,-84.00491802,OHS945,,2,54.28988197,54.29016868
10.43292001,-84.004842,OHS946,,0,67.03543585,67.03211242
10.43282496,-84.00485096,OHS947,,0,63.44510718,63.42396911
10.43370497,-84.00475902,OHS948,,0,89.97913693,89.96970317
10.43372199,-84.00479497,OHS949,,2,86.22417411,86.2266541
10.43368201,-84.00466698,OHS950,,0,99.79522423,99.77762825
10.43371201,-84.00470302,OHS951,,0,96.16078625,96.15207663
10.43363398,-84.00458501,OHS952,,0,108.2510296,108.2343543
10.43373599,-84.00470403,OHS953,,0,96.29008745,96.30166088
10.43373196,-84.00473697,OHS954,,0,92.65455846,92.66456798
10.43361101,-84.00464603,OHS955,,0,101.3617005,101.3384995
10.43357698,-84.00469003,OHS956,,0,96.21926133,96.18931362
10.43357103,-84.00456598,OHS957,,0,109.6998347,109.669968
10.43347598,-84.00466296,OHS958,,0,98.16662401,98.17423138
10.43350901,-84.00469297,OHS959,,0,95.22090025,95.18650034
10.43354002,-84.004541,OHS960,,0,112.1167086,112.076127
10.43353097,-84.00458601,OHS961,,0,107.1135776,107.0713604
10.43355896,-84.00465701,OHS962,,0,99.6439865,99.61413981
10.43339401,-84.00456103,OHS963,,0,108.4995785,108.5226797
10.43345301,-84.00457101,OHS964,,0,107.9736334,107.9764754
10.43352904,-84.004598,OHS965,,0,105.7861077,105.7438073
10.43364203,-84.00470604,OHS966,,0,95.12608242,95.11121114
10.43365804,-84.00474804,OHS967,,0,90.7094836,90.69191403
10.43387898,-84.00475499,OHS968,,0,93.44044595,93.40424514
10.433897,-84.00487502,OHS969,,0,81.36759757,81.28924718
10.43389801,-84.00484996,OHS970,,0,84.02696063,83.94336657
10.43385602,-84.00477796,OHS971,,0,90.37936945,90.36446988
10.43394897,-84.00481903,OHS972,,0,88.89715711,88.89491889
10.43392399,-84.00480696,OHS973,,0,89.37417364,89.30518828
10.432717,-84.004871,OHS974,,0,58.43172936,58.4302969
10.43268498,-84.00488902,OHS975,,0,55.65710241,55.62697308
10.43275103,-84.00489296,OHS976,,0,57.00722977,57.01251005
10.43282798,-84.00479003,OHS977,,0,70.00114798,69.98553563
10.43286603,-84.00474301,OHS978,,0,76.03063841,76.00664417
10.43279604,-84.00470403,OHS979,,0,78.30227278,78.3084222
10.43288296,-84.00481199,OHS980,,0,69.13102318,69.15402463
10.43288598,-84.00478601,OHS981,,2,71.9766402,71.99473018
10.43294298,-84.00473597,OHS982,,2,78.91130133,78.91202277
10.43286201,-84.004699,OHS983,,0,80.59662482,80.57579761
10.43275799,-84.004728,OHS984,,0,74.7294171,74.73835208
10.43279998,-84.00486899,OHS985,,0,60.85267882,60.84023116
10.43280602,-84.00480604,OHS986,,0,67.71496806,67.69692461
10.43282798,-84.00481199,OHS987,,0,67.66799619,67.64989619
10.43274902,-84.00483697,OHS988,,0,62.90124233,62.91384556
10.43282496,-84.00486404,OHS989,,0,62.05583554,62.03321632
10.43285999,-84.00457604,OHS990,,0,93.61999947,93.6016411
10.43287299,-84.00453899,OHS991,,0,97.90379042,97.88734099
10.43279202,-84.00469003,OHS992,,0,79.68009164,79.68969468
10.43282898,-84.004685,OHS993,,0,81.20665025,81.18810697
10.43287902,-84.004799,OHS994,,0,70.4122465,70.42367731
10.43278598,-84.00484904,OHS995,,0,62.61502907,62.59649686
10.42739198,-84.00807498,OHS996,,0,320.2717267,487.5931085
10.42736499,-84.00818897,OHS997,,0,326.9059423,500.1723229
10.42318502,-84.009243,OHS998,,0,803.2593808,848.6522898
10.43280702,-84.00696597,OHS999,,2,112.8235118,113.0330204
